Workbook

Sheet SessionLog
A1: SessionID | B1: Persona | C1: Round | D1: ItemType | E1: ItemName | F1: Role
A2: S001 | B2: A1 | C2: 1 | D2: Dataset | E2: SE_mysql.Users | F2: F
A3: S001 | B3: A1 | C3: 1 | D3: Dataset | E3: SE_mysql.Votes | F3: D
A4: S001 | B4: A1 | C4: 1 | D4: Attribute | E4: SE_mysql.Users.Reputation | F4: M
A5: S001 | B5: A1 | C5: 1 | D5: Attribute | E5: SE_mysql.Votes.VoteTypeId | F5: P
A6: S001 | B6: A1 | C6: 1 | D6: Attribute | E6: SE_mysql.Users.Id | F6: M
A7: S002 | B7: A1 | C7: 2 | D7: Dataset | E7: SE_mysql.Users | F7: F
A8: S002 | B8: A1 | C8: 2 | D8: Dataset | E8: SE_mysql.Votes | F8: D
A9: S002 | B9: A1 | C9: 2 | D9: Attribute | E9: SE_mysql.Users.Reputation | F9: M
A10: S002 | B10: A1 | C10: 2 | D10: Attribute | E10: SE_mysql.Users.UpVotes | F10: M
A11: S002 | B11: A1 | C11: 2 | D11: Attribute | E11: SE_mysql.Votes.CreationDate | F11: P
A12: S002 | B12: A1 | C12: 2 | D12: Attribute | E12: SE_mysql.Votes.VoteTypeId | F12: P
A13: S003 | B13: A1 | C13: 3 | D13: Dataset | E13: SE_mysql.Users | F13: F
... A309: S060 | B309: X2 | C309: 4 | D309: Attribute | E309: SE_mysql.Flagtypes.Name | F309: P

Sheet Datasets
A1: Analyste | B1: SE_mysql.postes (F) | C1: SE_mysql.postes (D) | D1: SE_mysql.Posttypes (F) | E1: SE_mysql.Posttypes (D) | F1: SE_mysql.Users (F) | G1: SE_mysql.Users (D) | H1: SE_mysql.Flagtypes (F) | I1: SE_mysql.Flagtypes (D) | J1: SE_mysql.Votes (F) | K1: SE_mysql.Votes (D) | L1: SE_mysql.Votetypes (F) | M1: SE_mysql.Votetypes (D) | N1: SE_mongodb.Badges (F) | O1: SE_mongodb.Badges (D) | P1: SE_mongodb.Posts (F) | Q1: SE_mongodb.Posts (D) | R1: SE_mongodb.Users (F) | S1: SE_mongodb.Users (D) | T1: SE_mongodb.Comments (F) | U1: SE_mongodb.Comments (D) | V1: SE_neo4j.postlinks (F) | W1: SE_neo4j.postlinks (D) | X1: SE_neo4j.Posts (F) | Y1: SE_neo4j.Posts (D) | Z1: SE_neo4j.Comments (F) | AA1: SE_neo4j.Comments (D) | AB1: SE_neo4j.Users (F) | AC1: SE_neo4j.Users (D) | AD1: SE_neo4j.Tags (F) | AE1: SE_neo4j.Tags (D)
A2: A1 | B2: =COUNTIFS(SessionLog!$B$2:$B$309,$A2,SessionLog!$E$2:$E$309,"SE_mysql.postes",SessionLog!$F$2:$F$309,"F") | C2: =COUNTIFS(SessionLog!$B$2:$B$309,$A2,SessionLog!$E$2:$E$309,"SE_mysql.postes",SessionLog!$F$2:$F$309,"D") | D2: =COUNTIFS(SessionLog!$B$2:$B$309,$A2,SessionLog!$E$2:$E$309,"SE_mysql.Posttypes",SessionLog!$F$2:$F$309,"F") | E2: =COUNTIFS(SessionLog!$B$2:$B$309,$A2,SessionLog!$E$2:$E$309,"SE_mysql.Posttypes",SessionLog!$F$2:$F$309,"D") | F2: =COUNTIFS(SessionLog!$B$2:$B$309,$A2,SessionLog!$E$2:$E$309,"SE_mysql.Users",SessionLog!$F$2:$F$309,"F") | G2: =COUNTIFS(SessionLog!$B$2:$B$309,$A2,SessionLog!$E$2:$E$309,"SE_mysql.Users",SessionLog!$F$2:$F$309,"D") | H2: =COUNTIFS(SessionLog!$B$2:$B$309,$A2,SessionLog!$E$2:$E$309,"SE_mysql.Flagtypes",SessionLog!$F$2:$F$309,"F") | I2: =COUNTIFS(SessionLog!$B$2:$B$309,$A2,SessionLog!$E$2:$E$309,"SE_mysql.Flagtypes",SessionLog!$F$2:$F$309,"D") | J2: =COUNTIFS(SessionLog!$B$2:$B$309,$A2,SessionLog!$E$2:$E$309,"SE_mysql.Votes",SessionLog!$F$2:$F$309,"F") | K2: =COUNTIFS(SessionLog!$B$2:$B$309,$A2,SessionLog!$E$2:$E$309,"SE_mysql.Votes",SessionLog!$F$2:$F$309,"D") | L2: =COUNTIFS(SessionLog!$B$2:$B$309,$A2,SessionLog!$E$2:$E$309,"SE_mysql.Votetypes",SessionLog!$F$2:$F$309,"F") | M2: =COUNTIFS(SessionLog!$B$2:$B$309,$A2,SessionLog!$E$2:$E$309,"SE_mysql.Votetypes",SessionLog!$F$2:$F$309,"D") | N2: =COUNTIFS(SessionLog!$B$2:$B$309,$A2,SessionLog!$E$2:$E$309,"SE_mongodb.Badges",SessionLog!$F$2:$F$309,"F") | O2: =COUNTIFS(SessionLog!$B$2:$B$309,$A2,SessionLog!$E$2:$E$309,"SE_mongodb.Badges",SessionLog!$F$2:$F$309,"D") | P2: =COUNTIFS(SessionLog!$B$2:$B$309,$A2,SessionLog!$E$2:$E$309,"SE_mongodb.Posts",SessionLog!$F$2:$F$309,"F") | Q2: =COUNTIFS(SessionLog!$B$2:$B$309,$A2,SessionLog!$E$2:$E$309,"SE_mongodb.Posts",SessionLog!$F$2:$F$309,"D") | R2: =COUNTIFS(SessionLog!$B$2:$B$309,$A2,SessionLog!$E$2:$E$309,"SE_mongodb.Users",SessionLog!$F$2:$F$309,"F") | S2: =COUNTIFS(SessionLog!$B$2:$B$309,$A2,SessionLog!$E$2:$E$309,"SE_mongodb.Users",SessionLog!$F$2:$F$309,"D") | T2: =COUNTIFS(SessionLog!$B$2:$B$309,$A2,SessionLog!$E$2:$E$309,"SE_mongodb.Comments",SessionLog!$F$2:$F$309,"F") | U2: =COUNTIFS(SessionLog!$B$2:$B$309,$A2,SessionLog!$E$2:$E$309,"SE_mongodb.Comments",SessionLog!$F$2:$F$309,"D") | V2: =COUNTIFS(SessionLog!$B$2:$B$309,$A2,SessionLog!$E$2:$E$309,"SE_neo4j.postlinks",SessionLog!$F$2:$F$309,"F") | W2: =COUNTIFS(SessionLog!$B$2:$B$309,$A2,SessionLog!$E$2:$E$309,"SE_neo4j.postlinks",SessionLog!$F$2:$F$309,"D") | X2: =COUNTIFS(SessionLog!$B$2:$B$309,$A2,SessionLog!$E$2:$E$309,"SE_neo4j.Posts",SessionLog!$F$2:$F$309,"F") | Y2: =COUNTIFS(SessionLog!$B$2:$B$309,$A2,SessionLog!$E$2:$E$309,"SE_neo4j.Posts",SessionLog!$F$2:$F$309,"D") | Z2: =COUNTIFS(SessionLog!$B$2:$B$309,$A2,SessionLog!$E$2:$E$309,"SE_neo4j.Comments",SessionLog!$F$2:$F$309,"F") | AA2: =COUNTIFS(SessionLog!$B$2:$B$309,$A2,SessionLog!$E$2:$E$309,"SE_neo4j.Comments",SessionLog!$F$2:$F$309,"D") | AB2: =COUNTIFS(SessionLog!$B$2:$B$309,$A2,SessionLog!$E$2:$E$309,"SE_neo4j.Users",SessionLog!$F$2:$F$309,"F") | AC2: =COUNTIFS(SessionLog!$B$2:$B$309,$A2,SessionLog!$E$2:$E$309,"SE_neo4j.Users",SessionLog!$F$2:$F$309,"D") | AD2: =COUNTIFS(SessionLog!$B$2:$B$309,$A2,SessionLog!$E$2:$E$309,"SE_neo4j.Tags",SessionLog!$F$2:$F$309,"F") | AE2: =COUNTIFS(SessionLog!$B$2:$B$309,$A2,SessionLog!$E$2:$E$309,"SE_neo4j.Tags",SessionLog!$F$2:$F$309,"D")
A3: A2 | B3: =COUNTIFS(SessionLog!$B$2:$B$309,$A3,SessionLog!$E$2:$E$309,"SE_mysql.postes",SessionLog!$F$2:$F$309,"F") | C3: =COUNTIFS(SessionLog!$B$2:$B$309,$A3,SessionLog!$E$2:$E$309,"SE_mysql.postes",SessionLog!$F$2:$F$309,"D") | D3: =COUNTIFS(SessionLog!$B$2:$B$309,$A3,SessionLog!$E$2:$E$309,"SE_mysql.Posttypes",SessionLog!$F$2:$F$309,"F") | E3: =COUNTIFS(SessionLog!$B$2:$B$309,$A3,SessionLog!$E$2:$E$309,"SE_mysql.Posttypes",SessionLog!$F$2:$F$309,"D") | F3: =COUNTIFS(SessionLog!$B$2:$B$309,$A3,SessionLog!$E$2:$E$309,"SE_mysql.Users",SessionLog!$F$2:$F$309,"F") | G3: =COUNTIFS(SessionLog!$B$2:$B$309,$A3,SessionLog!$E$2:$E$309,"SE_mysql.Users",SessionLog!$F$2:$F$309,"D") | H3: =COUNTIFS(SessionLog!$B$2:$B$309,$A3,SessionLog!$E$2:$E$309,"SE_mysql.Flagtypes",SessionLog!$F$2:$F$309,"F") | I3: =COUNTIFS(SessionLog!$B$2:$B$309,$A3,SessionLog!$E$2:$E$309,"SE_mysql.Flagtypes",SessionLog!$F$2:$F$309,"D") | J3: =COUNTIFS(SessionLog!$B$2:$B$309,$A3,SessionLog!$E$2:$E$309,"SE_mysql.Votes",SessionLog!$F$2:$F$309,"F") | K3: =COUNTIFS(SessionLog!$B$2:$B$309,$A3,SessionLog!$E$2:$E$309,"SE_mysql.Votes",SessionLog!$F$2:$F$309,"D") | L3: =COUNTIFS(SessionLog!$B$2:$B$309,$A3,SessionLog!$E$2:$E$309,"SE_mysql.Votetypes",SessionLog!$F$2:$F$309,"F") | M3: =COUNTIFS(SessionLog!$B$2:$B$309,$A3,SessionLog!$E$2:$E$309,"SE_mysql.Votetypes",SessionLog!$F$2:$F$309,"D") | N3: =COUNTIFS(SessionLog!$B$2:$B$309,$A3,SessionLog!$E$2:$E$309,"SE_mongodb.Badges",SessionLog!$F$2:$F$309,"F") | O3: =COUNTIFS(SessionLog!$B$2:$B$309,$A3,SessionLog!$E$2:$E$309,"SE_mongodb.Badges",SessionLog!$F$2:$F$309,"D") | P3: =COUNTIFS(SessionLog!$B$2:$B$309,$A3,SessionLog!$E$2:$E$309,"SE_mongodb.Posts",SessionLog!$F$2:$F$309,"F") | Q3: =COUNTIFS(SessionLog!$B$2:$B$309,$A3,SessionLog!$E$2:$E$309,"SE_mongodb.Posts",SessionLog!$F$2:$F$309,"D") | R3: =COUNTIFS(SessionLog!$B$2:$B$309,$A3,SessionLog!$E$2:$E$309,"SE_mongodb.Users",SessionLog!$F$2:$F$309,"F") | S3: =COUNTIFS(SessionLog!$B$2:$B$309,$A3,SessionLog!$E$2:$E$309,"SE_mongodb.Users",SessionLog!$F$2:$F$309,"D") | T3: =COUNTIFS(SessionLog!$B$2:$B$309,$A3,SessionLog!$E$2:$E$309,"SE_mongodb.Comments",SessionLog!$F$2:$F$309,"F") | U3: =COUNTIFS(SessionLog!$B$2:$B$309,$A3,SessionLog!$E$2:$E$309,"SE_mongodb.Comments",SessionLog!$F$2:$F$309,"D") | V3: =COUNTIFS(SessionLog!$B$2:$B$309,$A3,SessionLog!$E$2:$E$309,"SE_neo4j.postlinks",SessionLog!$F$2:$F$309,"F") | W3: =COUNTIFS(SessionLog!$B$2:$B$309,$A3,SessionLog!$E$2:$E$309,"SE_neo4j.postlinks",SessionLog!$F$2:$F$309,"D") | X3: =COUNTIFS(SessionLog!$B$2:$B$309,$A3,SessionLog!$E$2:$E$309,"SE_neo4j.Posts",SessionLog!$F$2:$F$309,"F") | Y3: =COUNTIFS(SessionLog!$B$2:$B$309,$A3,SessionLog!$E$2:$E$309,"SE_neo4j.Posts",SessionLog!$F$2:$F$309,"D") | Z3: =COUNTIFS(SessionLog!$B$2:$B$309,$A3,SessionLog!$E$2:$E$309,"SE_neo4j.Comments",SessionLog!$F$2:$F$309,"F") | AA3: =COUNTIFS(SessionLog!$B$2:$B$309,$A3,SessionLog!$E$2:$E$309,"SE_neo4j.Comments",SessionLog!$F$2:$F$309,"D") | AB3: =COUNTIFS(SessionLog!$B$2:$B$309,$A3,SessionLog!$E$2:$E$309,"SE_neo4j.Users",SessionLog!$F$2:$F$309,"F") | AC3: =COUNTIFS(SessionLog!$B$2:$B$309,$A3,SessionLog!$E$2:$E$309,"SE_neo4j.Users",SessionLog!$F$2:$F$309,"D") | AD3: =COUNTIFS(SessionLog!$B$2:$B$309,$A3,SessionLog!$E$2:$E$309,"SE_neo4j.Tags",SessionLog!$F$2:$F$309,"F") | AE3: =COUNTIFS(SessionLog!$B$2:$B$309,$A3,SessionLog!$E$2:$E$309,"SE_neo4j.Tags",SessionLog!$F$2:$F$309,"D")
A4: A3 | B4: =COUNTIFS(SessionLog!$B$2:$B$309,$A4,SessionLog!$E$2:$E$309,"SE_mysql.postes",SessionLog!$F$2:$F$309,"F") | C4: =COUNTIFS(SessionLog!$B$2:$B$309,$A4,SessionLog!$E$2:$E$309,"SE_mysql.postes",SessionLog!$F$2:$F$309,"D") | D4: =COUNTIFS(SessionLog!$B$2:$B$309,$A4,SessionLog!$E$2:$E$309,"SE_mysql.Posttypes",SessionLog!$F$2:$F$309,"F") | E4: =COUNTIFS(SessionLog!$B$2:$B$309,$A4,SessionLog!$E$2:$E$309,"SE_mysql.Posttypes",SessionLog!$F$2:$F$309,"D") | F4: =COUNTIFS(SessionLog!$B$2:$B$309,$A4,SessionLog!$E$2:$E$309,"SE_mysql.Users",SessionLog!$F$2:$F$309,"F") | G4: =COUNTIFS(SessionLog!$B$2:$B$309,$A4,SessionLog!$E$2:$E$309,"SE_mysql.Users",SessionLog!$F$2:$F$309,"D") | H4: =COUNTIFS(SessionLog!$B$2:$B$309,$A4,SessionLog!$E$2:$E$309,"SE_mysql.Flagtypes",SessionLog!$F$2:$F$309,"F") | I4: =COUNTIFS(SessionLog!$B$2:$B$309,$A4,SessionLog!$E$2:$E$309,"SE_mysql.Flagtypes",SessionLog!$F$2:$F$309,"D") | J4: =COUNTIFS(SessionLog!$B$2:$B$309,$A4,SessionLog!$E$2:$E$309,"SE_mysql.Votes",SessionLog!$F$2:$F$309,"F") | K4: =COUNTIFS(SessionLog!$B$2:$B$309,$A4,SessionLog!$E$2:$E$309,"SE_mysql.Votes",SessionLog!$F$2:$F$309,"D") | L4: =COUNTIFS(SessionLog!$B$2:$B$309,$A4,SessionLog!$E$2:$E$309,"SE_mysql.Votetypes",SessionLog!$F$2:$F$309,"F") | M4: =COUNTIFS(SessionLog!$B$2:$B$309,$A4,SessionLog!$E$2:$E$309,"SE_mysql.Votetypes",SessionLog!$F$2:$F$309,"D") | N4: =COUNTIFS(SessionLog!$B$2:$B$309,$A4,SessionLog!$E$2:$E$309,"SE_mongodb.Badges",SessionLog!$F$2:$F$309,"F") | O4: =COUNTIFS(SessionLog!$B$2:$B$309,$A4,SessionLog!$E$2:$E$309,"SE_mongodb.Badges",SessionLog!$F$2:$F$309,"D") | P4: =COUNTIFS(SessionLog!$B$2:$B$309,$A4,SessionLog!$E$2:$E$309,"SE_mongodb.Posts",SessionLog!$F$2:$F$309,"F") | Q4: =COUNTIFS(SessionLog!$B$2:$B$309,$A4,SessionLog!$E$2:$E$309,"SE_mongodb.Posts",SessionLog!$F$2:$F$309,"D") | R4: =COUNTIFS(SessionLog!$B$2:$B$309,$A4,SessionLog!$E$2:$E$309,"SE_mongodb.Users",SessionLog!$F$2:$F$309,"F") | S4: =COUNTIFS(SessionLog!$B$2:$B$309,$A4,SessionLog!$E$2:$E$309,"SE_mongodb.Users",SessionLog!$F$2:$F$309,"D") | T4: =COUNTIFS(SessionLog!$B$2:$B$309,$A4,SessionLog!$E$2:$E$309,"SE_mongodb.Comments",SessionLog!$F$2:$F$309,"F") | U4: =COUNTIFS(SessionLog!$B$2:$B$309,$A4,SessionLog!$E$2:$E$309,"SE_mongodb.Comments",SessionLog!$F$2:$F$309,"D") | V4: =COUNTIFS(SessionLog!$B$2:$B$309,$A4,SessionLog!$E$2:$E$309,"SE_neo4j.postlinks",SessionLog!$F$2:$F$309,"F") | W4: =COUNTIFS(SessionLog!$B$2:$B$309,$A4,SessionLog!$E$2:$E$309,"SE_neo4j.postlinks",SessionLog!$F$2:$F$309,"D") | X4: =COUNTIFS(SessionLog!$B$2:$B$309,$A4,SessionLog!$E$2:$E$309,"SE_neo4j.Posts",SessionLog!$F$2:$F$309,"F") | Y4: =COUNTIFS(SessionLog!$B$2:$B$309,$A4,SessionLog!$E$2:$E$309,"SE_neo4j.Posts",SessionLog!$F$2:$F$309,"D") | Z4: =COUNTIFS(SessionLog!$B$2:$B$309,$A4,SessionLog!$E$2:$E$309,"SE_neo4j.Comments",SessionLog!$F$2:$F$309,"F") | AA4: =COUNTIFS(SessionLog!$B$2:$B$309,$A4,SessionLog!$E$2:$E$309,"SE_neo4j.Comments",SessionLog!$F$2:$F$309,"D") | AB4: =COUNTIFS(SessionLog!$B$2:$B$309,$A4,SessionLog!$E$2:$E$309,"SE_neo4j.Users",SessionLog!$F$2:$F$309,"F") | AC4: =COUNTIFS(SessionLog!$B$2:$B$309,$A4,SessionLog!$E$2:$E$309,"SE_neo4j.Users",SessionLog!$F$2:$F$309,"D") | AD4: =COUNTIFS(SessionLog!$B$2:$B$309,$A4,SessionLog!$E$2:$E$309,"SE_neo4j.Tags",SessionLog!$F$2:$F$309,"F") | AE4: =COUNTIFS(SessionLog!$B$2:$B$309,$A4,SessionLog!$E$2:$E$309,"SE_neo4j.Tags",SessionLog!$F$2:$F$309,"D")
A5: B1 | B5: =COUNTIFS(SessionLog!$B$2:$B$309,$A5,SessionLog!$E$2:$E$309,"SE_mysql.postes",SessionLog!$F$2:$F$309,"F") | C5: =COUNTIFS(SessionLog!$B$2:$B$309,$A5,SessionLog!$E$2:$E$309,"SE_mysql.postes",SessionLog!$F$2:$F$309,"D") | D5: =COUNTIFS(SessionLog!$B$2:$B$309,$A5,SessionLog!$E$2:$E$309,"SE_mysql.Posttypes",SessionLog!$F$2:$F$309,"F") | E5: =COUNTIFS(SessionLog!$B$2:$B$309,$A5,SessionLog!$E$2:$E$309,"SE_mysql.Posttypes",SessionLog!$F$2:$F$309,"D") | F5: =COUNTIFS(SessionLog!$B$2:$B$309,$A5,SessionLog!$E$2:$E$309,"SE_mysql.Users",SessionLog!$F$2:$F$309,"F") | G5: =COUNTIFS(SessionLog!$B$2:$B$309,$A5,SessionLog!$E$2:$E$309,"SE_mysql.Users",SessionLog!$F$2:$F$309,"D") | H5: =COUNTIFS(SessionLog!$B$2:$B$309,$A5,SessionLog!$E$2:$E$309,"SE_mysql.Flagtypes",SessionLog!$F$2:$F$309,"F") | I5: =COUNTIFS(SessionLog!$B$2:$B$309,$A5,SessionLog!$E$2:$E$309,"SE_mysql.Flagtypes",SessionLog!$F$2:$F$309,"D") | J5: =COUNTIFS(SessionLog!$B$2:$B$309,$A5,SessionLog!$E$2:$E$309,"SE_mysql.Votes",SessionLog!$F$2:$F$309,"F") | K5: =COUNTIFS(SessionLog!$B$2:$B$309,$A5,SessionLog!$E$2:$E$309,"SE_mysql.Votes",SessionLog!$F$2:$F$309,"D") | L5: =COUNTIFS(SessionLog!$B$2:$B$309,$A5,SessionLog!$E$2:$E$309,"SE_mysql.Votetypes",SessionLog!$F$2:$F$309,"F") | M5: =COUNTIFS(SessionLog!$B$2:$B$309,$A5,SessionLog!$E$2:$E$309,"SE_mysql.Votetypes",SessionLog!$F$2:$F$309,"D") | N5: =COUNTIFS(SessionLog!$B$2:$B$309,$A5,SessionLog!$E$2:$E$309,"SE_mongodb.Badges",SessionLog!$F$2:$F$309,"F") | O5: =COUNTIFS(SessionLog!$B$2:$B$309,$A5,SessionLog!$E$2:$E$309,"SE_mongodb.Badges",SessionLog!$F$2:$F$309,"D") | P5: =COUNTIFS(SessionLog!$B$2:$B$309,$A5,SessionLog!$E$2:$E$309,"SE_mongodb.Posts",SessionLog!$F$2:$F$309,"F") | Q5: =COUNTIFS(SessionLog!$B$2:$B$309,$A5,SessionLog!$E$2:$E$309,"SE_mongodb.Posts",SessionLog!$F$2:$F$309,"D") | R5: =COUNTIFS(SessionLog!$B$2:$B$309,$A5,SessionLog!$E$2:$E$309,"SE_mongodb.Users",SessionLog!$F$2:$F$309,"F") | S5: =COUNTIFS(SessionLog!$B$2:$B$309,$A5,SessionLog!$E$2:$E$309,"SE_mongodb.Users",SessionLog!$F$2:$F$309,"D") | T5: =COUNTIFS(SessionLog!$B$2:$B$309,$A5,SessionLog!$E$2:$E$309,"SE_mongodb.Comments",SessionLog!$F$2:$F$309,"F") | U5: =COUNTIFS(SessionLog!$B$2:$B$309,$A5,SessionLog!$E$2:$E$309,"SE_mongodb.Comments",SessionLog!$F$2:$F$309,"D") | V5: =COUNTIFS(SessionLog!$B$2:$B$309,$A5,SessionLog!$E$2:$E$309,"SE_neo4j.postlinks",SessionLog!$F$2:$F$309,"F") | W5: =COUNTIFS(SessionLog!$B$2:$B$309,$A5,SessionLog!$E$2:$E$309,"SE_neo4j.postlinks",SessionLog!$F$2:$F$309,"D") | X5: =COUNTIFS(SessionLog!$B$2:$B$309,$A5,SessionLog!$E$2:$E$309,"SE_neo4j.Posts",SessionLog!$F$2:$F$309,"F") | Y5: =COUNTIFS(SessionLog!$B$2:$B$309,$A5,SessionLog!$E$2:$E$309,"SE_neo4j.Posts",SessionLog!$F$2:$F$309,"D") | Z5: =COUNTIFS(SessionLog!$B$2:$B$309,$A5,SessionLog!$E$2:$E$309,"SE_neo4j.Comments",SessionLog!$F$2:$F$309,"F") | AA5: =COUNTIFS(SessionLog!$B$2:$B$309,$A5,SessionLog!$E$2:$E$309,"SE_neo4j.Comments",SessionLog!$F$2:$F$309,"D") | AB5: =COUNTIFS(SessionLog!$B$2:$B$309,$A5,SessionLog!$E$2:$E$309,"SE_neo4j.Users",SessionLog!$F$2:$F$309,"F") | AC5: =COUNTIFS(SessionLog!$B$2:$B$309,$A5,SessionLog!$E$2:$E$309,"SE_neo4j.Users",SessionLog!$F$2:$F$309,"D") | AD5: =COUNTIFS(SessionLog!$B$2:$B$309,$A5,SessionLog!$E$2:$E$309,"SE_neo4j.Tags",SessionLog!$F$2:$F$309,"F") | AE5: =COUNTIFS(SessionLog!$B$2:$B$309,$A5,SessionLog!$E$2:$E$309,"SE_neo4j.Tags",SessionLog!$F$2:$F$309,"D")
A6: B2 | B6: =COUNTIFS(SessionLog!$B$2:$B$309,$A6,SessionLog!$E$2:$E$309,"SE_mysql.postes",SessionLog!$F$2:$F$309,"F") | C6: =COUNTIFS(SessionLog!$B$2:$B$309,$A6,SessionLog!$E$2:$E$309,"SE_mysql.postes",SessionLog!$F$2:$F$309,"D") | D6: =COUNTIFS(SessionLog!$B$2:$B$309,$A6,SessionLog!$E$2:$E$309,"SE_mysql.Posttypes",SessionLog!$F$2:$F$309,"F") | E6: =COUNTIFS(SessionLog!$B$2:$B$309,$A6,SessionLog!$E$2:$E$309,"SE_mysql.Posttypes",SessionLog!$F$2:$F$309,"D") | F6: =COUNTIFS(SessionLog!$B$2:$B$309,$A6,SessionLog!$E$2:$E$309,"SE_mysql.Users",SessionLog!$F$2:$F$309,"F") | G6: =COUNTIFS(SessionLog!$B$2:$B$309,$A6,SessionLog!$E$2:$E$309,"SE_mysql.Users",SessionLog!$F$2:$F$309,"D") | H6: =COUNTIFS(SessionLog!$B$2:$B$309,$A6,SessionLog!$E$2:$E$309,"SE_mysql.Flagtypes",SessionLog!$F$2:$F$309,"F") | I6: =COUNTIFS(SessionLog!$B$2:$B$309,$A6,SessionLog!$E$2:$E$309,"SE_mysql.Flagtypes",SessionLog!$F$2:$F$309,"D") | J6: =COUNTIFS(SessionLog!$B$2:$B$309,$A6,SessionLog!$E$2:$E$309,"SE_mysql.Votes",SessionLog!$F$2:$F$309,"F") | K6: =COUNTIFS(SessionLog!$B$2:$B$309,$A6,SessionLog!$E$2:$E$309,"SE_mysql.Votes",SessionLog!$F$2:$F$309,"D") | L6: =COUNTIFS(SessionLog!$B$2:$B$309,$A6,SessionLog!$E$2:$E$309,"SE_mysql.Votetypes",SessionLog!$F$2:$F$309,"F") | M6: =COUNTIFS(SessionLog!$B$2:$B$309,$A6,SessionLog!$E$2:$E$309,"SE_mysql.Votetypes",SessionLog!$F$2:$F$309,"D") | N6: =COUNTIFS(SessionLog!$B$2:$B$309,$A6,SessionLog!$E$2:$E$309,"SE_mongodb.Badges",SessionLog!$F$2:$F$309,"F") | O6: =COUNTIFS(SessionLog!$B$2:$B$309,$A6,SessionLog!$E$2:$E$309,"SE_mongodb.Badges",SessionLog!$F$2:$F$309,"D") | P6: =COUNTIFS(SessionLog!$B$2:$B$309,$A6,SessionLog!$E$2:$E$309,"SE_mongodb.Posts",SessionLog!$F$2:$F$309,"F") | Q6: =COUNTIFS(SessionLog!$B$2:$B$309,$A6,SessionLog!$E$2:$E$309,"SE_mongodb.Posts",SessionLog!$F$2:$F$309,"D") | R6: =COUNTIFS(SessionLog!$B$2:$B$309,$A6,SessionLog!$E$2:$E$309,"SE_mongodb.Users",SessionLog!$F$2:$F$309,"F") | S6: =COUNTIFS(SessionLog!$B$2:$B$309,$A6,SessionLog!$E$2:$E$309,"SE_mongodb.Users",SessionLog!$F$2:$F$309,"D") | T6: =COUNTIFS(SessionLog!$B$2:$B$309,$A6,SessionLog!$E$2:$E$309,"SE_mongodb.Comments",SessionLog!$F$2:$F$309,"F") | U6: =COUNTIFS(SessionLog!$B$2:$B$309,$A6,SessionLog!$E$2:$E$309,"SE_mongodb.Comments",SessionLog!$F$2:$F$309,"D") | V6: =COUNTIFS(SessionLog!$B$2:$B$309,$A6,SessionLog!$E$2:$E$309,"SE_neo4j.postlinks",SessionLog!$F$2:$F$309,"F") | W6: =COUNTIFS(SessionLog!$B$2:$B$309,$A6,SessionLog!$E$2:$E$309,"SE_neo4j.postlinks",SessionLog!$F$2:$F$309,"D") | X6: =COUNTIFS(SessionLog!$B$2:$B$309,$A6,SessionLog!$E$2:$E$309,"SE_neo4j.Posts",SessionLog!$F$2:$F$309,"F") | Y6: =COUNTIFS(SessionLog!$B$2:$B$309,$A6,SessionLog!$E$2:$E$309,"SE_neo4j.Posts",SessionLog!$F$2:$F$309,"D") | Z6: =COUNTIFS(SessionLog!$B$2:$B$309,$A6,SessionLog!$E$2:$E$309,"SE_neo4j.Comments",SessionLog!$F$2:$F$309,"F") | AA6: =COUNTIFS(SessionLog!$B$2:$B$309,$A6,SessionLog!$E$2:$E$309,"SE_neo4j.Comments",SessionLog!$F$2:$F$309,"D") | AB6: =COUNTIFS(SessionLog!$B$2:$B$309,$A6,SessionLog!$E$2:$E$309,"SE_neo4j.Users",SessionLog!$F$2:$F$309,"F") | AC6: =COUNTIFS(SessionLog!$B$2:$B$309,$A6,SessionLog!$E$2:$E$309,"SE_neo4j.Users",SessionLog!$F$2:$F$309,"D") | AD6: =COUNTIFS(SessionLog!$B$2:$B$309,$A6,SessionLog!$E$2:$E$309,"SE_neo4j.Tags",SessionLog!$F$2:$F$309,"F") | AE6: =COUNTIFS(SessionLog!$B$2:$B$309,$A6,SessionLog!$E$2:$E$309,"SE_neo4j.Tags",SessionLog!$F$2:$F$309,"D")
A7: B3 | B7: =COUNTIFS(SessionLog!$B$2:$B$309,$A7,SessionLog!$E$2:$E$309,"SE_mysql.postes",SessionLog!$F$2:$F$309,"F") | C7: =COUNTIFS(SessionLog!$B$2:$B$309,$A7,SessionLog!$E$2:$E$309,"SE_mysql.postes",SessionLog!$F$2:$F$309,"D") | D7: =COUNTIFS(SessionLog!$B$2:$B$309,$A7,SessionLog!$E$2:$E$309,"SE_mysql.Posttypes",SessionLog!$F$2:$F$309,"F") | E7: =COUNTIFS(SessionLog!$B$2:$B$309,$A7,SessionLog!$E$2:$E$309,"SE_mysql.Posttypes",SessionLog!$F$2:$F$309,"D") | F7: =COUNTIFS(SessionLog!$B$2:$B$309,$A7,SessionLog!$E$2:$E$309,"SE_mysql.Users",SessionLog!$F$2:$F$309,"F") | G7: =COUNTIFS(SessionLog!$B$2:$B$309,$A7,SessionLog!$E$2:$E$309,"SE_mysql.Users",SessionLog!$F$2:$F$309,"D") | H7: =COUNTIFS(SessionLog!$B$2:$B$309,$A7,SessionLog!$E$2:$E$309,"SE_mysql.Flagtypes",SessionLog!$F$2:$F$309,"F") | I7: =COUNTIFS(SessionLog!$B$2:$B$309,$A7,SessionLog!$E$2:$E$309,"SE_mysql.Flagtypes",SessionLog!$F$2:$F$309,"D") | J7: =COUNTIFS(SessionLog!$B$2:$B$309,$A7,SessionLog!$E$2:$E$309,"SE_mysql.Votes",SessionLog!$F$2:$F$309,"F") | K7: =COUNTIFS(SessionLog!$B$2:$B$309,$A7,SessionLog!$E$2:$E$309,"SE_mysql.Votes",SessionLog!$F$2:$F$309,"D") | L7: =COUNTIFS(SessionLog!$B$2:$B$309,$A7,SessionLog!$E$2:$E$309,"SE_mysql.Votetypes",SessionLog!$F$2:$F$309,"F") | M7: =COUNTIFS(SessionLog!$B$2:$B$309,$A7,SessionLog!$E$2:$E$309,"SE_mysql.Votetypes",SessionLog!$F$2:$F$309,"D") | N7: =COUNTIFS(SessionLog!$B$2:$B$309,$A7,SessionLog!$E$2:$E$309,"SE_mongodb.Badges",SessionLog!$F$2:$F$309,"F") | O7: =COUNTIFS(SessionLog!$B$2:$B$309,$A7,SessionLog!$E$2:$E$309,"SE_mongodb.Badges",SessionLog!$F$2:$F$309,"D") | P7: =COUNTIFS(SessionLog!$B$2:$B$309,$A7,SessionLog!$E$2:$E$309,"SE_mongodb.Posts",SessionLog!$F$2:$F$309,"F") | Q7: =COUNTIFS(SessionLog!$B$2:$B$309,$A7,SessionLog!$E$2:$E$309,"SE_mongodb.Posts",SessionLog!$F$2:$F$309,"D") | R7: =COUNTIFS(SessionLog!$B$2:$B$309,$A7,SessionLog!$E$2:$E$309,"SE_mongodb.Users",SessionLog!$F$2:$F$309,"F") | S7: =COUNTIFS(SessionLog!$B$2:$B$309,$A7,SessionLog!$E$2:$E$309,"SE_mongodb.Users",SessionLog!$F$2:$F$309,"D") | T7: =COUNTIFS(SessionLog!$B$2:$B$309,$A7,SessionLog!$E$2:$E$309,"SE_mongodb.Comments",SessionLog!$F$2:$F$309,"F") | U7: =COUNTIFS(SessionLog!$B$2:$B$309,$A7,SessionLog!$E$2:$E$309,"SE_mongodb.Comments",SessionLog!$F$2:$F$309,"D") | V7: =COUNTIFS(SessionLog!$B$2:$B$309,$A7,SessionLog!$E$2:$E$309,"SE_neo4j.postlinks",SessionLog!$F$2:$F$309,"F") | W7: =COUNTIFS(SessionLog!$B$2:$B$309,$A7,SessionLog!$E$2:$E$309,"SE_neo4j.postlinks",SessionLog!$F$2:$F$309,"D") | X7: =COUNTIFS(SessionLog!$B$2:$B$309,$A7,SessionLog!$E$2:$E$309,"SE_neo4j.Posts",SessionLog!$F$2:$F$309,"F") | Y7: =COUNTIFS(SessionLog!$B$2:$B$309,$A7,SessionLog!$E$2:$E$309,"SE_neo4j.Posts",SessionLog!$F$2:$F$309,"D") | Z7: =COUNTIFS(SessionLog!$B$2:$B$309,$A7,SessionLog!$E$2:$E$309,"SE_neo4j.Comments",SessionLog!$F$2:$F$309,"F") | AA7: =COUNTIFS(SessionLog!$B$2:$B$309,$A7,SessionLog!$E$2:$E$309,"SE_neo4j.Comments",SessionLog!$F$2:$F$309,"D") | AB7: =COUNTIFS(SessionLog!$B$2:$B$309,$A7,SessionLog!$E$2:$E$309,"SE_neo4j.Users",SessionLog!$F$2:$F$309,"F") | AC7: =COUNTIFS(SessionLog!$B$2:$B$309,$A7,SessionLog!$E$2:$E$309,"SE_neo4j.Users",SessionLog!$F$2:$F$309,"D") | AD7: =COUNTIFS(SessionLog!$B$2:$B$309,$A7,SessionLog!$E$2:$E$309,"SE_neo4j.Tags",SessionLog!$F$2:$F$309,"F") | AE7: =COUNTIFS(SessionLog!$B$2:$B$309,$A7,SessionLog!$E$2:$E$309,"SE_neo4j.Tags",SessionLog!$F$2:$F$309,"D")
A8: C1 | B8: =COUNTIFS(SessionLog!$B$2:$B$309,$A8,SessionLog!$E$2:$E$309,"SE_mysql.postes",SessionLog!$F$2:$F$309,"F") | C8: =COUNTIFS(SessionLog!$B$2:$B$309,$A8,SessionLog!$E$2:$E$309,"SE_mysql.postes",SessionLog!$F$2:$F$309,"D") | D8: =COUNTIFS(SessionLog!$B$2:$B$309,$A8,SessionLog!$E$2:$E$309,"SE_mysql.Posttypes",SessionLog!$F$2:$F$309,"F") | E8: =COUNTIFS(SessionLog!$B$2:$B$309,$A8,SessionLog!$E$2:$E$309,"SE_mysql.Posttypes",SessionLog!$F$2:$F$309,"D") | F8: =COUNTIFS(SessionLog!$B$2:$B$309,$A8,SessionLog!$E$2:$E$309,"SE_mysql.Users",SessionLog!$F$2:$F$309,"F") | G8: =COUNTIFS(SessionLog!$B$2:$B$309,$A8,SessionLog!$E$2:$E$309,"SE_mysql.Users",SessionLog!$F$2:$F$309,"D") | H8: =COUNTIFS(SessionLog!$B$2:$B$309,$A8,SessionLog!$E$2:$E$309,"SE_mysql.Flagtypes",SessionLog!$F$2:$F$309,"F") | I8: =COUNTIFS(SessionLog!$B$2:$B$309,$A8,SessionLog!$E$2:$E$309,"SE_mysql.Flagtypes",SessionLog!$F$2:$F$309,"D") | J8: =COUNTIFS(SessionLog!$B$2:$B$309,$A8,SessionLog!$E$2:$E$309,"SE_mysql.Votes",SessionLog!$F$2:$F$309,"F") | K8: =COUNTIFS(SessionLog!$B$2:$B$309,$A8,SessionLog!$E$2:$E$309,"SE_mysql.Votes",SessionLog!$F$2:$F$309,"D") | L8: =COUNTIFS(SessionLog!$B$2:$B$309,$A8,SessionLog!$E$2:$E$309,"SE_mysql.Votetypes",SessionLog!$F$2:$F$309,"F") | M8: =COUNTIFS(SessionLog!$B$2:$B$309,$A8,SessionLog!$E$2:$E$309,"SE_mysql.Votetypes",SessionLog!$F$2:$F$309,"D") | N8: =COUNTIFS(SessionLog!$B$2:$B$309,$A8,SessionLog!$E$2:$E$309,"SE_mongodb.Badges",SessionLog!$F$2:$F$309,"F") | O8: =COUNTIFS(SessionLog!$B$2:$B$309,$A8,SessionLog!$E$2:$E$309,"SE_mongodb.Badges",SessionLog!$F$2:$F$309,"D") | P8: =COUNTIFS(SessionLog!$B$2:$B$309,$A8,SessionLog!$E$2:$E$309,"SE_mongodb.Posts",SessionLog!$F$2:$F$309,"F") | Q8: =COUNTIFS(SessionLog!$B$2:$B$309,$A8,SessionLog!$E$2:$E$309,"SE_mongodb.Posts",SessionLog!$F$2:$F$309,"D") | R8: =COUNTIFS(SessionLog!$B$2:$B$309,$A8,SessionLog!$E$2:$E$309,"SE_mongodb.Users",SessionLog!$F$2:$F$309,"F") | S8: =COUNTIFS(SessionLog!$B$2:$B$309,$A8,SessionLog!$E$2:$E$309,"SE_mongodb.Users",SessionLog!$F$2:$F$309,"D") | T8: =COUNTIFS(SessionLog!$B$2:$B$309,$A8,SessionLog!$E$2:$E$309,"SE_mongodb.Comments",SessionLog!$F$2:$F$309,"F") | U8: =COUNTIFS(SessionLog!$B$2:$B$309,$A8,SessionLog!$E$2:$E$309,"SE_mongodb.Comments",SessionLog!$F$2:$F$309,"D") | V8: =COUNTIFS(SessionLog!$B$2:$B$309,$A8,SessionLog!$E$2:$E$309,"SE_neo4j.postlinks",SessionLog!$F$2:$F$309,"F") | W8: =COUNTIFS(SessionLog!$B$2:$B$309,$A8,SessionLog!$E$2:$E$309,"SE_neo4j.postlinks",SessionLog!$F$2:$F$309,"D") | X8: =COUNTIFS(SessionLog!$B$2:$B$309,$A8,SessionLog!$E$2:$E$309,"SE_neo4j.Posts",SessionLog!$F$2:$F$309,"F") | Y8: =COUNTIFS(SessionLog!$B$2:$B$309,$A8,SessionLog!$E$2:$E$309,"SE_neo4j.Posts",SessionLog!$F$2:$F$309,"D") | Z8: =COUNTIFS(SessionLog!$B$2:$B$309,$A8,SessionLog!$E$2:$E$309,"SE_neo4j.Comments",SessionLog!$F$2:$F$309,"F") | AA8: =COUNTIFS(SessionLog!$B$2:$B$309,$A8,SessionLog!$E$2:$E$309,"SE_neo4j.Comments",SessionLog!$F$2:$F$309,"D") | AB8: =COUNTIFS(SessionLog!$B$2:$B$309,$A8,SessionLog!$E$2:$E$309,"SE_neo4j.Users",SessionLog!$F$2:$F$309,"F") | AC8: =COUNTIFS(SessionLog!$B$2:$B$309,$A8,SessionLog!$E$2:$E$309,"SE_neo4j.Users",SessionLog!$F$2:$F$309,"D") | AD8: =COUNTIFS(SessionLog!$B$2:$B$309,$A8,SessionLog!$E$2:$E$309,"SE_neo4j.Tags",SessionLog!$F$2:$F$309,"F") | AE8: =COUNTIFS(SessionLog!$B$2:$B$309,$A8,SessionLog!$E$2:$E$309,"SE_neo4j.Tags",SessionLog!$F$2:$F$309,"D")
A9: C2 | B9: =COUNTIFS(SessionLog!$B$2:$B$309,$A9,SessionLog!$E$2:$E$309,"SE_mysql.postes",SessionLog!$F$2:$F$309,"F") | C9: =COUNTIFS(SessionLog!$B$2:$B$309,$A9,SessionLog!$E$2:$E$309,"SE_mysql.postes",SessionLog!$F$2:$F$309,"D") | D9: =COUNTIFS(SessionLog!$B$2:$B$309,$A9,SessionLog!$E$2:$E$309,"SE_mysql.Posttypes",SessionLog!$F$2:$F$309,"F") | E9: =COUNTIFS(SessionLog!$B$2:$B$309,$A9,SessionLog!$E$2:$E$309,"SE_mysql.Posttypes",SessionLog!$F$2:$F$309,"D") | F9: =COUNTIFS(SessionLog!$B$2:$B$309,$A9,SessionLog!$E$2:$E$309,"SE_mysql.Users",SessionLog!$F$2:$F$309,"F") | G9: =COUNTIFS(SessionLog!$B$2:$B$309,$A9,SessionLog!$E$2:$E$309,"SE_mysql.Users",SessionLog!$F$2:$F$309,"D") | H9: =COUNTIFS(SessionLog!$B$2:$B$309,$A9,SessionLog!$E$2:$E$309,"SE_mysql.Flagtypes",SessionLog!$F$2:$F$309,"F") | I9: =COUNTIFS(SessionLog!$B$2:$B$309,$A9,SessionLog!$E$2:$E$309,"SE_mysql.Flagtypes",SessionLog!$F$2:$F$309,"D") | J9: =COUNTIFS(SessionLog!$B$2:$B$309,$A9,SessionLog!$E$2:$E$309,"SE_mysql.Votes",SessionLog!$F$2:$F$309,"F") | K9: =COUNTIFS(SessionLog!$B$2:$B$309,$A9,SessionLog!$E$2:$E$309,"SE_mysql.Votes",SessionLog!$F$2:$F$309,"D") | L9: =COUNTIFS(SessionLog!$B$2:$B$309,$A9,SessionLog!$E$2:$E$309,"SE_mysql.Votetypes",SessionLog!$F$2:$F$309,"F") | M9: =COUNTIFS(SessionLog!$B$2:$B$309,$A9,SessionLog!$E$2:$E$309,"SE_mysql.Votetypes",SessionLog!$F$2:$F$309,"D") | N9: =COUNTIFS(SessionLog!$B$2:$B$309,$A9,SessionLog!$E$2:$E$309,"SE_mongodb.Badges",SessionLog!$F$2:$F$309,"F") | O9: =COUNTIFS(SessionLog!$B$2:$B$309,$A9,SessionLog!$E$2:$E$309,"SE_mongodb.Badges",SessionLog!$F$2:$F$309,"D") | P9: =COUNTIFS(SessionLog!$B$2:$B$309,$A9,SessionLog!$E$2:$E$309,"SE_mongodb.Posts",SessionLog!$F$2:$F$309,"F") | Q9: =COUNTIFS(SessionLog!$B$2:$B$309,$A9,SessionLog!$E$2:$E$309,"SE_mongodb.Posts",SessionLog!$F$2:$F$309,"D") | R9: =COUNTIFS(SessionLog!$B$2:$B$309,$A9,SessionLog!$E$2:$E$309,"SE_mongodb.Users",SessionLog!$F$2:$F$309,"F") | S9: =COUNTIFS(SessionLog!$B$2:$B$309,$A9,SessionLog!$E$2:$E$309,"SE_mongodb.Users",SessionLog!$F$2:$F$309,"D") | T9: =COUNTIFS(SessionLog!$B$2:$B$309,$A9,SessionLog!$E$2:$E$309,"SE_mongodb.Comments",SessionLog!$F$2:$F$309,"F") | U9: =COUNTIFS(SessionLog!$B$2:$B$309,$A9,SessionLog!$E$2:$E$309,"SE_mongodb.Comments",SessionLog!$F$2:$F$309,"D") | V9: =COUNTIFS(SessionLog!$B$2:$B$309,$A9,SessionLog!$E$2:$E$309,"SE_neo4j.postlinks",SessionLog!$F$2:$F$309,"F") | W9: =COUNTIFS(SessionLog!$B$2:$B$309,$A9,SessionLog!$E$2:$E$309,"SE_neo4j.postlinks",SessionLog!$F$2:$F$309,"D") | X9: =COUNTIFS(SessionLog!$B$2:$B$309,$A9,SessionLog!$E$2:$E$309,"SE_neo4j.Posts",SessionLog!$F$2:$F$309,"F") | Y9: =COUNTIFS(SessionLog!$B$2:$B$309,$A9,SessionLog!$E$2:$E$309,"SE_neo4j.Posts",SessionLog!$F$2:$F$309,"D") | Z9: =COUNTIFS(SessionLog!$B$2:$B$309,$A9,SessionLog!$E$2:$E$309,"SE_neo4j.Comments",SessionLog!$F$2:$F$309,"F") | AA9: =COUNTIFS(SessionLog!$B$2:$B$309,$A9,SessionLog!$E$2:$E$309,"SE_neo4j.Comments",SessionLog!$F$2:$F$309,"D") | AB9: =COUNTIFS(SessionLog!$B$2:$B$309,$A9,SessionLog!$E$2:$E$309,"SE_neo4j.Users",SessionLog!$F$2:$F$309,"F") | AC9: =COUNTIFS(SessionLog!$B$2:$B$309,$A9,SessionLog!$E$2:$E$309,"SE_neo4j.Users",SessionLog!$F$2:$F$309,"D") | AD9: =COUNTIFS(SessionLog!$B$2:$B$309,$A9,SessionLog!$E$2:$E$309,"SE_neo4j.Tags",SessionLog!$F$2:$F$309,"F") | AE9: =COUNTIFS(SessionLog!$B$2:$B$309,$A9,SessionLog!$E$2:$E$309,"SE_neo4j.Tags",SessionLog!$F$2:$F$309,"D")
A10: C3 | B10: =COUNTIFS(SessionLog!$B$2:$B$309,$A10,SessionLog!$E$2:$E$309,"SE_mysql.postes",SessionLog!$F$2:$F$309,"F") | C10: =COUNTIFS(SessionLog!$B$2:$B$309,$A10,SessionLog!$E$2:$E$309,"SE_mysql.postes",SessionLog!$F$2:$F$309,"D") | D10: =COUNTIFS(SessionLog!$B$2:$B$309,$A10,SessionLog!$E$2:$E$309,"SE_mysql.Posttypes",SessionLog!$F$2:$F$309,"F") | E10: =COUNTIFS(SessionLog!$B$2:$B$309,$A10,SessionLog!$E$2:$E$309,"SE_mysql.Posttypes",SessionLog!$F$2:$F$309,"D") | F10: =COUNTIFS(SessionLog!$B$2:$B$309,$A10,SessionLog!$E$2:$E$309,"SE_mysql.Users",SessionLog!$F$2:$F$309,"F") | G10: =COUNTIFS(SessionLog!$B$2:$B$309,$A10,SessionLog!$E$2:$E$309,"SE_mysql.Users",SessionLog!$F$2:$F$309,"D") | H10: =COUNTIFS(SessionLog!$B$2:$B$309,$A10,SessionLog!$E$2:$E$309,"SE_mysql.Flagtypes",SessionLog!$F$2:$F$309,"F") | I10: =COUNTIFS(SessionLog!$B$2:$B$309,$A10,SessionLog!$E$2:$E$309,"SE_mysql.Flagtypes",SessionLog!$F$2:$F$309,"D") | J10: =COUNTIFS(SessionLog!$B$2:$B$309,$A10,SessionLog!$E$2:$E$309,"SE_mysql.Votes",SessionLog!$F$2:$F$309,"F") | K10: =COUNTIFS(SessionLog!$B$2:$B$309,$A10,SessionLog!$E$2:$E$309,"SE_mysql.Votes",SessionLog!$F$2:$F$309,"D") | L10: =COUNTIFS(SessionLog!$B$2:$B$309,$A10,SessionLog!$E$2:$E$309,"SE_mysql.Votetypes",SessionLog!$F$2:$F$309,"F") | M10: =COUNTIFS(SessionLog!$B$2:$B$309,$A10,SessionLog!$E$2:$E$309,"SE_mysql.Votetypes",SessionLog!$F$2:$F$309,"D") | N10: =COUNTIFS(SessionLog!$B$2:$B$309,$A10,SessionLog!$E$2:$E$309,"SE_mongodb.Badges",SessionLog!$F$2:$F$309,"F") | O10: =COUNTIFS(SessionLog!$B$2:$B$309,$A10,SessionLog!$E$2:$E$309,"SE_mongodb.Badges",SessionLog!$F$2:$F$309,"D") | P10: =COUNTIFS(SessionLog!$B$2:$B$309,$A10,SessionLog!$E$2:$E$309,"SE_mongodb.Posts",SessionLog!$F$2:$F$309,"F") | Q10: =COUNTIFS(SessionLog!$B$2:$B$309,$A10,SessionLog!$E$2:$E$309,"SE_mongodb.Posts",SessionLog!$F$2:$F$309,"D") | R10: =COUNTIFS(SessionLog!$B$2:$B$309,$A10,SessionLog!$E$2:$E$309,"SE_mongodb.Users",SessionLog!$F$2:$F$309,"F") | S10: =COUNTIFS(SessionLog!$B$2:$B$309,$A10,SessionLog!$E$2:$E$309,"SE_mongodb.Users",SessionLog!$F$2:$F$309,"D") | T10: =COUNTIFS(SessionLog!$B$2:$B$309,$A10,SessionLog!$E$2:$E$309,"SE_mongodb.Comments",SessionLog!$F$2:$F$309,"F") | U10: =COUNTIFS(SessionLog!$B$2:$B$309,$A10,SessionLog!$E$2:$E$309,"SE_mongodb.Comments",SessionLog!$F$2:$F$309,"D") | V10: =COUNTIFS(SessionLog!$B$2:$B$309,$A10,SessionLog!$E$2:$E$309,"SE_neo4j.postlinks",SessionLog!$F$2:$F$309,"F") | W10: =COUNTIFS(SessionLog!$B$2:$B$309,$A10,SessionLog!$E$2:$E$309,"SE_neo4j.postlinks",SessionLog!$F$2:$F$309,"D") | X10: =COUNTIFS(SessionLog!$B$2:$B$309,$A10,SessionLog!$E$2:$E$309,"SE_neo4j.Posts",SessionLog!$F$2:$F$309,"F") | Y10: =COUNTIFS(SessionLog!$B$2:$B$309,$A10,SessionLog!$E$2:$E$309,"SE_neo4j.Posts",SessionLog!$F$2:$F$309,"D") | Z10: =COUNTIFS(SessionLog!$B$2:$B$309,$A10,SessionLog!$E$2:$E$309,"SE_neo4j.Comments",SessionLog!$F$2:$F$309,"F") | AA10: =COUNTIFS(SessionLog!$B$2:$B$309,$A10,SessionLog!$E$2:$E$309,"SE_neo4j.Comments",SessionLog!$F$2:$F$309,"D") | AB10: =COUNTIFS(SessionLog!$B$2:$B$309,$A10,SessionLog!$E$2:$E$309,"SE_neo4j.Users",SessionLog!$F$2:$F$309,"F") | AC10: =COUNTIFS(SessionLog!$B$2:$B$309,$A10,SessionLog!$E$2:$E$309,"SE_neo4j.Users",SessionLog!$F$2:$F$309,"D") | AD10: =COUNTIFS(SessionLog!$B$2:$B$309,$A10,SessionLog!$E$2:$E$309,"SE_neo4j.Tags",SessionLog!$F$2:$F$309,"F") | AE10: =COUNTIFS(SessionLog!$B$2:$B$309,$A10,SessionLog!$E$2:$E$309,"SE_neo4j.Tags",SessionLog!$F$2:$F$309,"D")
A11: D1 | B11: =COUNTIFS(SessionLog!$B$2:$B$309,$A11,SessionLog!$E$2:$E$309,"SE_mysql.postes",SessionLog!$F$2:$F$309,"F") | C11: =COUNTIFS(SessionLog!$B$2:$B$309,$A11,SessionLog!$E$2:$E$309,"SE_mysql.postes",SessionLog!$F$2:$F$309,"D") | D11: =COUNTIFS(SessionLog!$B$2:$B$309,$A11,SessionLog!$E$2:$E$309,"SE_mysql.Posttypes",SessionLog!$F$2:$F$309,"F") | E11: =COUNTIFS(SessionLog!$B$2:$B$309,$A11,SessionLog!$E$2:$E$309,"SE_mysql.Posttypes",SessionLog!$F$2:$F$309,"D") | F11: =COUNTIFS(SessionLog!$B$2:$B$309,$A11,SessionLog!$E$2:$E$309,"SE_mysql.Users",SessionLog!$F$2:$F$309,"F") | G11: =COUNTIFS(SessionLog!$B$2:$B$309,$A11,SessionLog!$E$2:$E$309,"SE_mysql.Users",SessionLog!$F$2:$F$309,"D") | H11: =COUNTIFS(SessionLog!$B$2:$B$309,$A11,SessionLog!$E$2:$E$309,"SE_mysql.Flagtypes",SessionLog!$F$2:$F$309,"F") | I11: =COUNTIFS(SessionLog!$B$2:$B$309,$A11,SessionLog!$E$2:$E$309,"SE_mysql.Flagtypes",SessionLog!$F$2:$F$309,"D") | J11: =COUNTIFS(SessionLog!$B$2:$B$309,$A11,SessionLog!$E$2:$E$309,"SE_mysql.Votes",SessionLog!$F$2:$F$309,"F") | K11: =COUNTIFS(SessionLog!$B$2:$B$309,$A11,SessionLog!$E$2:$E$309,"SE_mysql.Votes",SessionLog!$F$2:$F$309,"D") | L11: =COUNTIFS(SessionLog!$B$2:$B$309,$A11,SessionLog!$E$2:$E$309,"SE_mysql.Votetypes",SessionLog!$F$2:$F$309,"F") | M11: =COUNTIFS(SessionLog!$B$2:$B$309,$A11,SessionLog!$E$2:$E$309,"SE_mysql.Votetypes",SessionLog!$F$2:$F$309,"D") | N11: =COUNTIFS(SessionLog!$B$2:$B$309,$A11,SessionLog!$E$2:$E$309,"SE_mongodb.Badges",SessionLog!$F$2:$F$309,"F") | O11: =COUNTIFS(SessionLog!$B$2:$B$309,$A11,SessionLog!$E$2:$E$309,"SE_mongodb.Badges",SessionLog!$F$2:$F$309,"D") | P11: =COUNTIFS(SessionLog!$B$2:$B$309,$A11,SessionLog!$E$2:$E$309,"SE_mongodb.Posts",SessionLog!$F$2:$F$309,"F") | Q11: =COUNTIFS(SessionLog!$B$2:$B$309,$A11,SessionLog!$E$2:$E$309,"SE_mongodb.Posts",SessionLog!$F$2:$F$309,"D") | R11: =COUNTIFS(SessionLog!$B$2:$B$309,$A11,SessionLog!$E$2:$E$309,"SE_mongodb.Users",SessionLog!$F$2:$F$309,"F") | S11: =COUNTIFS(SessionLog!$B$2:$B$309,$A11,SessionLog!$E$2:$E$309,"SE_mongodb.Users",SessionLog!$F$2:$F$309,"D") | T11: =COUNTIFS(SessionLog!$B$2:$B$309,$A11,SessionLog!$E$2:$E$309,"SE_mongodb.Comments",SessionLog!$F$2:$F$309,"F") | U11: =COUNTIFS(SessionLog!$B$2:$B$309,$A11,SessionLog!$E$2:$E$309,"SE_mongodb.Comments",SessionLog!$F$2:$F$309,"D") | V11: =COUNTIFS(SessionLog!$B$2:$B$309,$A11,SessionLog!$E$2:$E$309,"SE_neo4j.postlinks",SessionLog!$F$2:$F$309,"F") | W11: =COUNTIFS(SessionLog!$B$2:$B$309,$A11,SessionLog!$E$2:$E$309,"SE_neo4j.postlinks",SessionLog!$F$2:$F$309,"D") | X11: =COUNTIFS(SessionLog!$B$2:$B$309,$A11,SessionLog!$E$2:$E$309,"SE_neo4j.Posts",SessionLog!$F$2:$F$309,"F") | Y11: =COUNTIFS(SessionLog!$B$2:$B$309,$A11,SessionLog!$E$2:$E$309,"SE_neo4j.Posts",SessionLog!$F$2:$F$309,"D") | Z11: =COUNTIFS(SessionLog!$B$2:$B$309,$A11,SessionLog!$E$2:$E$309,"SE_neo4j.Comments",SessionLog!$F$2:$F$309,"F") | AA11: =COUNTIFS(SessionLog!$B$2:$B$309,$A11,SessionLog!$E$2:$E$309,"SE_neo4j.Comments",SessionLog!$F$2:$F$309,"D") | AB11: =COUNTIFS(SessionLog!$B$2:$B$309,$A11,SessionLog!$E$2:$E$309,"SE_neo4j.Users",SessionLog!$F$2:$F$309,"F") | AC11: =COUNTIFS(SessionLog!$B$2:$B$309,$A11,SessionLog!$E$2:$E$309,"SE_neo4j.Users",SessionLog!$F$2:$F$309,"D") | AD11: =COUNTIFS(SessionLog!$B$2:$B$309,$A11,SessionLog!$E$2:$E$309,"SE_neo4j.Tags",SessionLog!$F$2:$F$309,"F") | AE11: =COUNTIFS(SessionLog!$B$2:$B$309,$A11,SessionLog!$E$2:$E$309,"SE_neo4j.Tags",SessionLog!$F$2:$F$309,"D")
A12: D2 | B12: =COUNTIFS(SessionLog!$B$2:$B$309,$A12,SessionLog!$E$2:$E$309,"SE_mysql.postes",SessionLog!$F$2:$F$309,"F") | C12: =COUNTIFS(SessionLog!$B$2:$B$309,$A12,SessionLog!$E$2:$E$309,"SE_mysql.postes",SessionLog!$F$2:$F$309,"D") | D12: =COUNTIFS(SessionLog!$B$2:$B$309,$A12,SessionLog!$E$2:$E$309,"SE_mysql.Posttypes",SessionLog!$F$2:$F$309,"F") | E12: =COUNTIFS(SessionLog!$B$2:$B$309,$A12,SessionLog!$E$2:$E$309,"SE_mysql.Posttypes",SessionLog!$F$2:$F$309,"D") | F12: =COUNTIFS(SessionLog!$B$2:$B$309,$A12,SessionLog!$E$2:$E$309,"SE_mysql.Users",SessionLog!$F$2:$F$309,"F") | G12: =COUNTIFS(SessionLog!$B$2:$B$309,$A12,SessionLog!$E$2:$E$309,"SE_mysql.Users",SessionLog!$F$2:$F$309,"D") | H12: =COUNTIFS(SessionLog!$B$2:$B$309,$A12,SessionLog!$E$2:$E$309,"SE_mysql.Flagtypes",SessionLog!$F$2:$F$309,"F") | I12: =COUNTIFS(SessionLog!$B$2:$B$309,$A12,SessionLog!$E$2:$E$309,"SE_mysql.Flagtypes",SessionLog!$F$2:$F$309,"D") | J12: =COUNTIFS(SessionLog!$B$2:$B$309,$A12,SessionLog!$E$2:$E$309,"SE_mysql.Votes",SessionLog!$F$2:$F$309,"F") | K12: =COUNTIFS(SessionLog!$B$2:$B$309,$A12,SessionLog!$E$2:$E$309,"SE_mysql.Votes",SessionLog!$F$2:$F$309,"D") | L12: =COUNTIFS(SessionLog!$B$2:$B$309,$A12,SessionLog!$E$2:$E$309,"SE_mysql.Votetypes",SessionLog!$F$2:$F$309,"F") | M12: =COUNTIFS(SessionLog!$B$2:$B$309,$A12,SessionLog!$E$2:$E$309,"SE_mysql.Votetypes",SessionLog!$F$2:$F$309,"D") | N12: =COUNTIFS(SessionLog!$B$2:$B$309,$A12,SessionLog!$E$2:$E$309,"SE_mongodb.Badges",SessionLog!$F$2:$F$309,"F") | O12: =COUNTIFS(SessionLog!$B$2:$B$309,$A12,SessionLog!$E$2:$E$309,"SE_mongodb.Badges",SessionLog!$F$2:$F$309,"D") | P12: =COUNTIFS(SessionLog!$B$2:$B$309,$A12,SessionLog!$E$2:$E$309,"SE_mongodb.Posts",SessionLog!$F$2:$F$309,"F") | Q12: =COUNTIFS(SessionLog!$B$2:$B$309,$A12,SessionLog!$E$2:$E$309,"SE_mongodb.Posts",SessionLog!$F$2:$F$309,"D") | R12: =COUNTIFS(SessionLog!$B$2:$B$309,$A12,SessionLog!$E$2:$E$309,"SE_mongodb.Users",SessionLog!$F$2:$F$309,"F") | S12: =COUNTIFS(SessionLog!$B$2:$B$309,$A12,SessionLog!$E$2:$E$309,"SE_mongodb.Users",SessionLog!$F$2:$F$309,"D") | T12: =COUNTIFS(SessionLog!$B$2:$B$309,$A12,SessionLog!$E$2:$E$309,"SE_mongodb.Comments",SessionLog!$F$2:$F$309,"F") | U12: =COUNTIFS(SessionLog!$B$2:$B$309,$A12,SessionLog!$E$2:$E$309,"SE_mongodb.Comments",SessionLog!$F$2:$F$309,"D") | V12: =COUNTIFS(SessionLog!$B$2:$B$309,$A12,SessionLog!$E$2:$E$309,"SE_neo4j.postlinks",SessionLog!$F$2:$F$309,"F") | W12: =COUNTIFS(SessionLog!$B$2:$B$309,$A12,SessionLog!$E$2:$E$309,"SE_neo4j.postlinks",SessionLog!$F$2:$F$309,"D") | X12: =COUNTIFS(SessionLog!$B$2:$B$309,$A12,SessionLog!$E$2:$E$309,"SE_neo4j.Posts",SessionLog!$F$2:$F$309,"F") | Y12: =COUNTIFS(SessionLog!$B$2:$B$309,$A12,SessionLog!$E$2:$E$309,"SE_neo4j.Posts",SessionLog!$F$2:$F$309,"D") | Z12: =COUNTIFS(SessionLog!$B$2:$B$309,$A12,SessionLog!$E$2:$E$309,"SE_neo4j.Comments",SessionLog!$F$2:$F$309,"F") | AA12: =COUNTIFS(SessionLog!$B$2:$B$309,$A12,SessionLog!$E$2:$E$309,"SE_neo4j.Comments",SessionLog!$F$2:$F$309,"D") | AB12: =COUNTIFS(SessionLog!$B$2:$B$309,$A12,SessionLog!$E$2:$E$309,"SE_neo4j.Users",SessionLog!$F$2:$F$309,"F") | AC12: =COUNTIFS(SessionLog!$B$2:$B$309,$A12,SessionLog!$E$2:$E$309,"SE_neo4j.Users",SessionLog!$F$2:$F$309,"D") | AD12: =COUNTIFS(SessionLog!$B$2:$B$309,$A12,SessionLog!$E$2:$E$309,"SE_neo4j.Tags",SessionLog!$F$2:$F$309,"F") | AE12: =COUNTIFS(SessionLog!$B$2:$B$309,$A12,SessionLog!$E$2:$E$309,"SE_neo4j.Tags",SessionLog!$F$2:$F$309,"D")
A13: E1 | B13: =COUNTIFS(SessionLog!$B$2:$B$309,$A13,SessionLog!$E$2:$E$309,"SE_mysql.postes",SessionLog!$F$2:$F$309,"F") | C13: =COUNTIFS(SessionLog!$B$2:$B$309,$A13,SessionLog!$E$2:$E$309,"SE_mysql.postes",SessionLog!$F$2:$F$309,"D") | D13: =COUNTIFS(SessionLog!$B$2:$B$309,$A13,SessionLog!$E$2:$E$309,"SE_mysql.Posttypes",SessionLog!$F$2:$F$309,"F") | E13: =COUNTIFS(SessionLog!$B$2:$B$309,$A13,SessionLog!$E$2:$E$309,"SE_mysql.Posttypes",SessionLog!$F$2:$F$309,"D") | F13: =COUNTIFS(SessionLog!$B$2:$B$309,$A13,SessionLog!$E$2:$E$309,"SE_mysql.Users",SessionLog!$F$2:$F$309,"F") | G13: =COUNTIFS(SessionLog!$B$2:$B$309,$A13,SessionLog!$E$2:$E$309,"SE_mysql.Users",SessionLog!$F$2:$F$309,"D") | H13: =COUNTIFS(SessionLog!$B$2:$B$309,$A13,SessionLog!$E$2:$E$309,"SE_mysql.Flagtypes",SessionLog!$F$2:$F$309,"F") | I13: =COUNTIFS(SessionLog!$B$2:$B$309,$A13,SessionLog!$E$2:$E$309,"SE_mysql.Flagtypes",SessionLog!$F$2:$F$309,"D") | J13: =COUNTIFS(SessionLog!$B$2:$B$309,$A13,SessionLog!$E$2:$E$309,"SE_mysql.Votes",SessionLog!$F$2:$F$309,"F") | K13: =COUNTIFS(SessionLog!$B$2:$B$309,$A13,SessionLog!$E$2:$E$309,"SE_mysql.Votes",SessionLog!$F$2:$F$309,"D") | L13: =COUNTIFS(SessionLog!$B$2:$B$309,$A13,SessionLog!$E$2:$E$309,"SE_mysql.Votetypes",SessionLog!$F$2:$F$309,"F") | M13: =COUNTIFS(SessionLog!$B$2:$B$309,$A13,SessionLog!$E$2:$E$309,"SE_mysql.Votetypes",SessionLog!$F$2:$F$309,"D") | N13: =COUNTIFS(SessionLog!$B$2:$B$309,$A13,SessionLog!$E$2:$E$309,"SE_mongodb.Badges",SessionLog!$F$2:$F$309,"F") | O13: =COUNTIFS(SessionLog!$B$2:$B$309,$A13,SessionLog!$E$2:$E$309,"SE_mongodb.Badges",SessionLog!$F$2:$F$309,"D") | P13: =COUNTIFS(SessionLog!$B$2:$B$309,$A13,SessionLog!$E$2:$E$309,"SE_mongodb.Posts",SessionLog!$F$2:$F$309,"F") | Q13: =COUNTIFS(SessionLog!$B$2:$B$309,$A13,SessionLog!$E$2:$E$309,"SE_mongodb.Posts",SessionLog!$F$2:$F$309,"D") | R13: =COUNTIFS(SessionLog!$B$2:$B$309,$A13,SessionLog!$E$2:$E$309,"SE_mongodb.Users",SessionLog!$F$2:$F$309,"F") | S13: =COUNTIFS(SessionLog!$B$2:$B$309,$A13,SessionLog!$E$2:$E$309,"SE_mongodb.Users",SessionLog!$F$2:$F$309,"D") | T13: =COUNTIFS(SessionLog!$B$2:$B$309,$A13,SessionLog!$E$2:$E$309,"SE_mongodb.Comments",SessionLog!$F$2:$F$309,"F") | U13: =COUNTIFS(SessionLog!$B$2:$B$309,$A13,SessionLog!$E$2:$E$309,"SE_mongodb.Comments",SessionLog!$F$2:$F$309,"D") | V13: =COUNTIFS(SessionLog!$B$2:$B$309,$A13,SessionLog!$E$2:$E$309,"SE_neo4j.postlinks",SessionLog!$F$2:$F$309,"F") | W13: =COUNTIFS(SessionLog!$B$2:$B$309,$A13,SessionLog!$E$2:$E$309,"SE_neo4j.postlinks",SessionLog!$F$2:$F$309,"D") | X13: =COUNTIFS(SessionLog!$B$2:$B$309,$A13,SessionLog!$E$2:$E$309,"SE_neo4j.Posts",SessionLog!$F$2:$F$309,"F") | Y13: =COUNTIFS(SessionLog!$B$2:$B$309,$A13,SessionLog!$E$2:$E$309,"SE_neo4j.Posts",SessionLog!$F$2:$F$309,"D") | Z13: =COUNTIFS(SessionLog!$B$2:$B$309,$A13,SessionLog!$E$2:$E$309,"SE_neo4j.Comments",SessionLog!$F$2:$F$309,"F") | AA13: =COUNTIFS(SessionLog!$B$2:$B$309,$A13,SessionLog!$E$2:$E$309,"SE_neo4j.Comments",SessionLog!$F$2:$F$309,"D") | AB13: =COUNTIFS(SessionLog!$B$2:$B$309,$A13,SessionLog!$E$2:$E$309,"SE_neo4j.Users",SessionLog!$F$2:$F$309,"F") | AC13: =COUNTIFS(SessionLog!$B$2:$B$309,$A13,SessionLog!$E$2:$E$309,"SE_neo4j.Users",SessionLog!$F$2:$F$309,"D") | AD13: =COUNTIFS(SessionLog!$B$2:$B$309,$A13,SessionLog!$E$2:$E$309,"SE_neo4j.Tags",SessionLog!$F$2:$F$309,"F") | AE13: =COUNTIFS(SessionLog!$B$2:$B$309,$A13,SessionLog!$E$2:$E$309,"SE_neo4j.Tags",SessionLog!$F$2:$F$309,"D")
... A18: COLD2 | B18: =COUNTIFS(SessionLog!$B$2:$B$309,$A18,SessionLog!$E$2:$E$309,"SE_mysql.postes",SessionLog!$F$2:$F$309,"F") | C18: =COUNTIFS(SessionLog!$B$2:$B$309,$A18,SessionLog!$E$2:$E$309,"SE_mysql.postes",SessionLog!$F$2:$F$309,"D") | D18: =COUNTIFS(SessionLog!$B$2:$B$309,$A18,SessionLog!$E$2:$E$309,"SE_mysql.Posttypes",SessionLog!$F$2:$F$309,"F") | E18: =COUNTIFS(SessionLog!$B$2:$B$309,$A18,SessionLog!$E$2:$E$309,"SE_mysql.Posttypes",SessionLog!$F$2:$F$309,"D") | F18: =COUNTIFS(SessionLog!$B$2:$B$309,$A18,SessionLog!$E$2:$E$309,"SE_mysql.Users",SessionLog!$F$2:$F$309,"F") | G18: =COUNTIFS(SessionLog!$B$2:$B$309,$A18,SessionLog!$E$2:$E$309,"SE_mysql.Users",SessionLog!$F$2:$F$309,"D") | H18: =COUNTIFS(SessionLog!$B$2:$B$309,$A18,SessionLog!$E$2:$E$309,"SE_mysql.Flagtypes",SessionLog!$F$2:$F$309,"F") | I18: =COUNTIFS(SessionLog!$B$2:$B$309,$A18,SessionLog!$E$2:$E$309,"SE_mysql.Flagtypes",SessionLog!$F$2:$F$309,"D") | J18: =COUNTIFS(SessionLog!$B$2:$B$309,$A18,SessionLog!$E$2:$E$309,"SE_mysql.Votes",SessionLog!$F$2:$F$309,"F") | K18: =COUNTIFS(SessionLog!$B$2:$B$309,$A18,SessionLog!$E$2:$E$309,"SE_mysql.Votes",SessionLog!$F$2:$F$309,"D") | L18: =COUNTIFS(SessionLog!$B$2:$B$309,$A18,SessionLog!$E$2:$E$309,"SE_mysql.Votetypes",SessionLog!$F$2:$F$309,"F") | M18: =COUNTIFS(SessionLog!$B$2:$B$309,$A18,SessionLog!$E$2:$E$309,"SE_mysql.Votetypes",SessionLog!$F$2:$F$309,"D") | N18: =COUNTIFS(SessionLog!$B$2:$B$309,$A18,SessionLog!$E$2:$E$309,"SE_mongodb.Badges",SessionLog!$F$2:$F$309,"F") | O18: =COUNTIFS(SessionLog!$B$2:$B$309,$A18,SessionLog!$E$2:$E$309,"SE_mongodb.Badges",SessionLog!$F$2:$F$309,"D") | P18: =COUNTIFS(SessionLog!$B$2:$B$309,$A18,SessionLog!$E$2:$E$309,"SE_mongodb.Posts",SessionLog!$F$2:$F$309,"F") | Q18: =COUNTIFS(SessionLog!$B$2:$B$309,$A18,SessionLog!$E$2:$E$309,"SE_mongodb.Posts",SessionLog!$F$2:$F$309,"D") | R18: =COUNTIFS(SessionLog!$B$2:$B$309,$A18,SessionLog!$E$2:$E$309,"SE_mongodb.Users",SessionLog!$F$2:$F$309,"F") | S18: =COUNTIFS(SessionLog!$B$2:$B$309,$A18,SessionLog!$E$2:$E$309,"SE_mongodb.Users",SessionLog!$F$2:$F$309,"D") | T18: =COUNTIFS(SessionLog!$B$2:$B$309,$A18,SessionLog!$E$2:$E$309,"SE_mongodb.Comments",SessionLog!$F$2:$F$309,"F") | U18: =COUNTIFS(SessionLog!$B$2:$B$309,$A18,SessionLog!$E$2:$E$309,"SE_mongodb.Comments",SessionLog!$F$2:$F$309,"D") | V18: =COUNTIFS(SessionLog!$B$2:$B$309,$A18,SessionLog!$E$2:$E$309,"SE_neo4j.postlinks",SessionLog!$F$2:$F$309,"F") | W18: =COUNTIFS(SessionLog!$B$2:$B$309,$A18,SessionLog!$E$2:$E$309,"SE_neo4j.postlinks",SessionLog!$F$2:$F$309,"D") | X18: =COUNTIFS(SessionLog!$B$2:$B$309,$A18,SessionLog!$E$2:$E$309,"SE_neo4j.Posts",SessionLog!$F$2:$F$309,"F") | Y18: =COUNTIFS(SessionLog!$B$2:$B$309,$A18,SessionLog!$E$2:$E$309,"SE_neo4j.Posts",SessionLog!$F$2:$F$309,"D") | Z18: =COUNTIFS(SessionLog!$B$2:$B$309,$A18,SessionLog!$E$2:$E$309,"SE_neo4j.Comments",SessionLog!$F$2:$F$309,"F") | AA18: =COUNTIFS(SessionLog!$B$2:$B$309,$A18,SessionLog!$E$2:$E$309,"SE_neo4j.Comments",SessionLog!$F$2:$F$309,"D") | AB18: =COUNTIFS(SessionLog!$B$2:$B$309,$A18,SessionLog!$E$2:$E$309,"SE_neo4j.Users",SessionLog!$F$2:$F$309,"F") | AC18: =COUNTIFS(SessionLog!$B$2:$B$309,$A18,SessionLog!$E$2:$E$309,"SE_neo4j.Users",SessionLog!$F$2:$F$309,"D") | AD18: =COUNTIFS(SessionLog!$B$2:$B$309,$A18,SessionLog!$E$2:$E$309,"SE_neo4j.Tags",SessionLog!$F$2:$F$309,"F") | AE18: =COUNTIFS(SessionLog!$B$2:$B$309,$A18,SessionLog!$E$2:$E$309,"SE_neo4j.Tags",SessionLog!$F$2:$F$309,"D")

Sheet Attributs
A1: Analyste | B1: SE_mysql.postes.Id (M) | C1: SE_mysql.postes.Id (P) | D1: SE_mysql.postes.PostTypeId (M) | E1: SE_mysql.postes.PostTypeId (P) | F1: SE_mysql.postes.Title (M) | G1: SE_mysql.postes.Title (P) | H1: SE_mysql.postes.OwnerUserId (M) | I1: SE_mysql.postes.OwnerUserId (P) | J1: SE_mysql.postes.ViewCount (M) | K1: SE_mysql.postes.ViewCount (P) | L1: SE_mysql.postes.LastEditDate (M) | M1: SE_mysql.postes.LastEditDate (P) | N1: SE_mysql.postes.LastEditorUserId (M) | O1: SE_mysql.postes.LastEditorUserId (P) | P1: SE_mysql.postes.CreationDate (M) | Q1: SE_mysql.postes.CreationDate (P) | R1: SE_mysql.Posttypes.Id (M) | S1: SE_mysql.Posttypes.Id (P) | T1: SE_mysql.Posttypes.Name (M) | U1: SE_mysql.Posttypes.Name (P) | V1: SE_mysql.Users.Id (M) | W1: SE_mysql.Users.Id (P) | X1: SE_mysql.Users.Views (M) | Y1: SE_mysql.Users.Views (P) | Z1: SE_mysql.Users.UpVotes (M) | AA1: SE_mysql.Users.UpVotes (P) | AB1: SE_mysql.Users.DisplayName (M) | AC1: SE_mysql.Users.DisplayName (P) | AD1: SE_mysql.Users.DownVotes (M) | AE1: SE_mysql.Users.DownVotes (P) | AF1: SE_mysql.Users.LastAccessDate (M) | AG1: SE_mysql.Users.LastAccessDate (P) | AH1: SE_mysql.Users.Reputation (M) | AI1: SE_mysql.Users.Reputation (P) | AJ1: SE_mysql.Flagtypes.Id (M) | AK1: SE_mysql.Flagtypes.Id (P) | AL1: SE_mysql.Flagtypes.Name (M) | AM1: SE_mysql.Flagtypes.Name (P) | AN1: SE_mysql.Votes.Id (M) | AO1: SE_mysql.Votes.Id (P) | AP1: SE_mysql.Votes.UserId (M) | AQ1: SE_mysql.Votes.UserId (P) | AR1: SE_mysql.Votes.BountyAmount (M) | AS1: SE_mysql.Votes.BountyAmount (P) | AT1: SE_mysql.Votes.CreationDate (M) | AU1: SE_mysql.Votes.CreationDate (P) | AV1: SE_mysql.Votes.PostId (M) | AW1: SE_mysql.Votes.PostId (P) | AX1: SE_mysql.Votes.VoteTypeId (M) | AY1: SE_mysql.Votes.VoteTypeId (P) | AZ1: SE_mysql.Votetypes.Id (M) | BA1: SE_mysql.Votetypes.Id (P) | BB1: SE_mysql.Votetypes.Name (M) | BC1: SE_mysql.Votetypes.Name (P) | BD1: SE_mongodb.Badges.Id (M) | BE1: SE_mongodb.Badges.Id (P) | BF1: SE_mongodb.Badges.UserId (M) | BG1: SE_mongodb.Badges.UserId (P) | BH1: SE_mongodb.Badges.Name (M) | BI1: SE_mongodb.Badges.Name (P) | BJ1: SE_mongodb.Badges.Date (M) | BK1: SE_mongodb.Badges.Date (P) | BL1: SE_mongodb.Posts.Id (M) | BM1: SE_mongodb.Posts.Id (P) | BN1: SE_mongodb.Posts.Tags (M) | BO1: SE_mongodb.Posts.Tags (P) | BP1: SE_mongodb.Posts.Body (M) | BQ1: SE_mongodb.Posts.Body (P) | BR1: SE_mongodb.Users.Id (M) | BS1: SE_mongodb.Users.Id (P) | BT1: SE_mongodb.Users.DisplayName (M) | BU1: SE_mongodb.Users.DisplayName (P) | BV1: SE_mongodb.Users.AboutMe (M) | BW1: SE_mongodb.Users.AboutMe (P) | BX1: SE_mongodb.Comments.Id (M) | BY1: SE_mongodb.Comments.Id (P) | BZ1: SE_mongodb.Comments.UserId (M) | CA1: SE_mongodb.Comments.UserId (P) | CB1: SE_mongodb.Comments.Text (M) | CC1: SE_mongodb.Comments.Text (P) | CD1: SE_mongodb.Comments.PostId (M) | CE1: SE_mongodb.Comments.PostId (P) | CF1: SE_neo4j.postlinks.id (M) | CG1: SE_neo4j.postlinks.id (P) | CH1: SE_neo4j.postlinks.LinkTypeId (M) | CI1: SE_neo4j.postlinks.LinkTypeId (P) | CJ1: SE_neo4j.postlinks.RelatedPostId (M) | CK1: SE_neo4j.postlinks.RelatedPostId (P) | CL1: SE_neo4j.postlinks.PostIdd (M) | CM1: SE_neo4j.postlinks.PostIdd (P) | CN1: SE_neo4j.postlinks.CreationDate (M) | CO1: SE_neo4j.postlinks.CreationDate (P) | CP1: SE_neo4j.Posts.id (M) | CQ1: SE_neo4j.Posts.id (P) | CR1: SE_neo4j.Posts.posttypeid (M) | CS1: SE_neo4j.Posts.posttypeid (P) | CT1: SE_neo4j.Posts.parentid (M) | CU1: SE_neo4j.Posts.parentid (P) | CV1: SE_neo4j.Posts.owneruserid (M) | CW1: SE_neo4j.Posts.owneruserid (P) | CX1: SE_neo4j.Posts.acceptedanswerid (M) | CY1: SE_neo4j.Posts.acceptedanswerid (P) | CZ1: SE_neo4j.Comments.id (M) | DA1: SE_neo4j.Comments.id (P) | DB1: SE_neo4j.Comments.creationdate (M) | DC1: SE_neo4j.Comments.creationdate (P) | DD1: SE_neo4j.Comments.score (M) | DE1: SE_neo4j.Comments.score (P) | DF1: SE_neo4j.Users.id (M) | DG1: SE_neo4j.Users.id (P) | DH1: SE_neo4j.Users.accountid (M) | DI1: SE_neo4j.Users.accountid (P) | DJ1: SE_neo4j.Users.displayname (M) | DK1: SE_neo4j.Users.displayname (P) | DL1: SE_neo4j.Users.creationdate (M) | DM1: SE_neo4j.Users.creationdate (P) | DN1: SE_neo4j.Tags.id (M) | DO1: SE_neo4j.Tags.id (P) | DP1: SE_neo4j.Tags.count (M) | DQ1: SE_neo4j.Tags.count (P) | DR1: SE_neo4j.Tags.wikipostid (M) | DS1: SE_neo4j.Tags.wikipostid (P) | DT1: SE_neo4j.Tags.tagname (M) | DU1: SE_neo4j.Tags.tagname (P) | DV1: SE_neo4j.Tags.excerptpostid (M) | DW1: SE_neo4j.Tags.excerptpostid (P)
A2: A1 | B2: =COUNTIFS(SessionLog!$B$2:$B$309,$A2,SessionLog!$E$2:$E$309,"SE_mysql.postes.Id",SessionLog!$F$2:$F$309,"M") | C2: =COUNTIFS(SessionLog!$B$2:$B$309,$A2,SessionLog!$E$2:$E$309,"SE_mysql.postes.Id",SessionLog!$F$2:$F$309,"P") | D2: =COUNTIFS(SessionLog!$B$2:$B$309,$A2,SessionLog!$E$2:$E$309,"SE_mysql.postes.PostTypeId",SessionLog!$F$2:$F$309,"M") | E2: =COUNTIFS(SessionLog!$B$2:$B$309,$A2,SessionLog!$E$2:$E$309,"SE_mysql.postes.PostTypeId",SessionLog!$F$2:$F$309,"P") | F2: =COUNTIFS(SessionLog!$B$2:$B$309,$A2,SessionLog!$E$2:$E$309,"SE_mysql.postes.Title",SessionLog!$F$2:$F$309,"M") | G2: =COUNTIFS(SessionLog!$B$2:$B$309,$A2,SessionLog!$E$2:$E$309,"SE_mysql.postes.Title",SessionLog!$F$2:$F$309,"P") | H2: =COUNTIFS(SessionLog!$B$2:$B$309,$A2,SessionLog!$E$2:$E$309,"SE_mysql.postes.OwnerUserId",SessionLog!$F$2:$F$309,"M") | I2: =COUNTIFS(SessionLog!$B$2:$B$309,$A2,SessionLog!$E$2:$E$309,"SE_mysql.postes.OwnerUserId",SessionLog!$F$2:$F$309,"P") | J2: =COUNTIFS(SessionLog!$B$2:$B$309,$A2,SessionLog!$E$2:$E$309,"SE_mysql.postes.ViewCount",SessionLog!$F$2:$F$309,"M") | K2: =COUNTIFS(SessionLog!$B$2:$B$309,$A2,SessionLog!$E$2:$E$309,"SE_mysql.postes.ViewCount",SessionLog!$F$2:$F$309,"P") | L2: =COUNTIFS(SessionLog!$B$2:$B$309,$A2,SessionLog!$E$2:$E$309,"SE_mysql.postes.LastEditDate",SessionLog!$F$2:$F$309,"M") | M2: =COUNTIFS(SessionLog!$B$2:$B$309,$A2,SessionLog!$E$2:$E$309,"SE_mysql.postes.LastEditDate",SessionLog!$F$2:$F$309,"P") | N2: =COUNTIFS(SessionLog!$B$2:$B$309,$A2,SessionLog!$E$2:$E$309,"SE_mysql.postes.LastEditorUserId",SessionLog!$F$2:$F$309,"M") | O2: =COUNTIFS(SessionLog!$B$2:$B$309,$A2,SessionLog!$E$2:$E$309,"SE_mysql.postes.LastEditorUserId",SessionLog!$F$2:$F$309,"P") | P2: =COUNTIFS(SessionLog!$B$2:$B$309,$A2,SessionLog!$E$2:$E$309,"SE_mysql.postes.CreationDate",SessionLog!$F$2:$F$309,"M") | Q2: =COUNTIFS(SessionLog!$B$2:$B$309,$A2,SessionLog!$E$2:$E$309,"SE_mysql.postes.CreationDate",SessionLog!$F$2:$F$309,"P") | R2: =COUNTIFS(SessionLog!$B$2:$B$309,$A2,SessionLog!$E$2:$E$309,"SE_mysql.Posttypes.Id",SessionLog!$F$2:$F$309,"M") | S2: =COUNTIFS(SessionLog!$B$2:$B$309,$A2,SessionLog!$E$2:$E$309,"SE_mysql.Posttypes.Id",SessionLog!$F$2:$F$309,"P") | T2: =COUNTIFS(SessionLog!$B$2:$B$309,$A2,SessionLog!$E$2:$E$309,"SE_mysql.Posttypes.Name",SessionLog!$F$2:$F$309,"M") | U2: =COUNTIFS(SessionLog!$B$2:$B$309,$A2,SessionLog!$E$2:$E$309,"SE_mysql.Posttypes.Name",SessionLog!$F$2:$F$309,"P") | V2: =COUNTIFS(SessionLog!$B$2:$B$309,$A2,SessionLog!$E$2:$E$309,"SE_mysql.Users.Id",SessionLog!$F$2:$F$309,"M") | W2: =COUNTIFS(SessionLog!$B$2:$B$309,$A2,SessionLog!$E$2:$E$309,"SE_mysql.Users.Id",SessionLog!$F$2:$F$309,"P") | X2: =COUNTIFS(SessionLog!$B$2:$B$309,$A2,SessionLog!$E$2:$E$309,"SE_mysql.Users.Views",SessionLog!$F$2:$F$309,"M") | Y2: =COUNTIFS(SessionLog!$B$2:$B$309,$A2,SessionLog!$E$2:$E$309,"SE_mysql.Users.Views",SessionLog!$F$2:$F$309,"P") | Z2: =COUNTIFS(SessionLog!$B$2:$B$309,$A2,SessionLog!$E$2:$E$309,"SE_mysql.Users.UpVotes",SessionLog!$F$2:$F$309,"M") | AA2: =COUNTIFS(SessionLog!$B$2:$B$309,$A2,SessionLog!$E$2:$E$309,"SE_mysql.Users.UpVotes",SessionLog!$F$2:$F$309,"P") | AB2: =COUNTIFS(SessionLog!$B$2:$B$309,$A2,SessionLog!$E$2:$E$309,"SE_mysql.Users.DisplayName",SessionLog!$F$2:$F$309,"M") | AC2: =COUNTIFS(SessionLog!$B$2:$B$309,$A2,SessionLog!$E$2:$E$309,"SE_mysql.Users.DisplayName",SessionLog!$F$2:$F$309,"P") | AD2: =COUNTIFS(SessionLog!$B$2:$B$309,$A2,SessionLog!$E$2:$E$309,"SE_mysql.Users.DownVotes",SessionLog!$F$2:$F$309,"M") | AE2: =COUNTIFS(SessionLog!$B$2:$B$309,$A2,SessionLog!$E$2:$E$309,"SE_mysql.Users.DownVotes",SessionLog!$F$2:$F$309,"P") | AF2: =COUNTIFS(SessionLog!$B$2:$B$309,$A2,SessionLog!$E$2:$E$309,"SE_mysql.Users.LastAccessDate",SessionLog!$F$2:$F$309,"M") | AG2: =COUNTIFS(SessionLog!$B$2:$B$309,$A2,SessionLog!$E$2:$E$309,"SE_mysql.Users.LastAccessDate",SessionLog!$F$2:$F$309,"P") | AH2: =COUNTIFS(SessionLog!$B$2:$B$309,$A2,SessionLog!$E$2:$E$309,"SE_mysql.Users.Reputation",SessionLog!$F$2:$F$309,"M") | AI2: =COUNTIFS(SessionLog!$B$2:$B$309,$A2,SessionLog!$E$2:$E$309,"SE_mysql.Users.Reputation",SessionLog!$F$2:$F$309,"P") | AJ2: =COUNTIFS(SessionLog!$B$2:$B$309,$A2,SessionLog!$E$2:$E$309,"SE_mysql.Flagtypes.Id",SessionLog!$F$2:$F$309,"M") | AK2: =COUNTIFS(SessionLog!$B$2:$B$309,$A2,SessionLog!$E$2:$E$309,"SE_mysql.Flagtypes.Id",SessionLog!$F$2:$F$309,"P") | AL2: =COUNTIFS(SessionLog!$B$2:$B$309,$A2,SessionLog!$E$2:$E$309,"SE_mysql.Flagtypes.Name",SessionLog!$F$2:$F$309,"M") | AM2: =COUNTIFS(SessionLog!$B$2:$B$309,$A2,SessionLog!$E$2:$E$309,"SE_mysql.Flagtypes.Name",SessionLog!$F$2:$F$309,"P") | AN2: =COUNTIFS(SessionLog!$B$2:$B$309,$A2,SessionLog!$E$2:$E$309,"SE_mysql.Votes.Id",SessionLog!$F$2:$F$309,"M") | AO2: =COUNTIFS(SessionLog!$B$2:$B$309,$A2,SessionLog!$E$2:$E$309,"SE_mysql.Votes.Id",SessionLog!$F$2:$F$309,"P") | AP2: =COUNTIFS(SessionLog!$B$2:$B$309,$A2,SessionLog!$E$2:$E$309,"SE_mysql.Votes.UserId",SessionLog!$F$2:$F$309,"M") | AQ2: =COUNTIFS(SessionLog!$B$2:$B$309,$A2,SessionLog!$E$2:$E$309,"SE_mysql.Votes.UserId",SessionLog!$F$2:$F$309,"P") | AR2: =COUNTIFS(SessionLog!$B$2:$B$309,$A2,SessionLog!$E$2:$E$309,"SE_mysql.Votes.BountyAmount",SessionLog!$F$2:$F$309,"M") | AS2: =COUNTIFS(SessionLog!$B$2:$B$309,$A2,SessionLog!$E$2:$E$309,"SE_mysql.Votes.BountyAmount",SessionLog!$F$2:$F$309,"P") | AT2: =COUNTIFS(SessionLog!$B$2:$B$309,$A2,SessionLog!$E$2:$E$309,"SE_mysql.Votes.CreationDate",SessionLog!$F$2:$F$309,"M") | AU2: =COUNTIFS(SessionLog!$B$2:$B$309,$A2,SessionLog!$E$2:$E$309,"SE_mysql.Votes.CreationDate",SessionLog!$F$2:$F$309,"P") | AV2: =COUNTIFS(SessionLog!$B$2:$B$309,$A2,SessionLog!$E$2:$E$309,"SE_mysql.Votes.PostId",SessionLog!$F$2:$F$309,"M") | AW2: =COUNTIFS(SessionLog!$B$2:$B$309,$A2,SessionLog!$E$2:$E$309,"SE_mysql.Votes.PostId",SessionLog!$F$2:$F$309,"P") | AX2: =COUNTIFS(SessionLog!$B$2:$B$309,$A2,SessionLog!$E$2:$E$309,"SE_mysql.Votes.VoteTypeId",SessionLog!$F$2:$F$309,"M") | AY2: =COUNTIFS(SessionLog!$B$2:$B$309,$A2,SessionLog!$E$2:$E$309,"SE_mysql.Votes.VoteTypeId",SessionLog!$F$2:$F$309,"P") | AZ2: =COUNTIFS(SessionLog!$B$2:$B$309,$A2,SessionLog!$E$2:$E$309,"SE_mysql.Votetypes.Id",SessionLog!$F$2:$F$309,"M") | BA2: =COUNTIFS(SessionLog!$B$2:$B$309,$A2,SessionLog!$E$2:$E$309,"SE_mysql.Votetypes.Id",SessionLog!$F$2:$F$309,"P") | BB2: =COUNTIFS(SessionLog!$B$2:$B$309,$A2,SessionLog!$E$2:$E$309,"SE_mysql.Votetypes.Name",SessionLog!$F$2:$F$309,"M") | BC2: =COUNTIFS(SessionLog!$B$2:$B$309,$A2,SessionLog!$E$2:$E$309,"SE_mysql.Votetypes.Name",SessionLog!$F$2:$F$309,"P") | BD2: =COUNTIFS(SessionLog!$B$2:$B$309,$A2,SessionLog!$E$2:$E$309,"SE_mongodb.Badges.Id",SessionLog!$F$2:$F$309,"M") | BE2: =COUNTIFS(SessionLog!$B$2:$B$309,$A2,SessionLog!$E$2:$E$309,"SE_mongodb.Badges.Id",SessionLog!$F$2:$F$309,"P") | BF2: =COUNTIFS(SessionLog!$B$2:$B$309,$A2,SessionLog!$E$2:$E$309,"SE_mongodb.Badges.UserId",SessionLog!$F$2:$F$309,"M") | BG2: =COUNTIFS(SessionLog!$B$2:$B$309,$A2,SessionLog!$E$2:$E$309,"SE_mongodb.Badges.UserId",SessionLog!$F$2:$F$309,"P") | BH2: =COUNTIFS(SessionLog!$B$2:$B$309,$A2,SessionLog!$E$2:$E$309,"SE_mongodb.Badges.Name",SessionLog!$F$2:$F$309,"M") | BI2: =COUNTIFS(SessionLog!$B$2:$B$309,$A2,SessionLog!$E$2:$E$309,"SE_mongodb.Badges.Name",SessionLog!$F$2:$F$309,"P") | BJ2: =COUNTIFS(SessionLog!$B$2:$B$309,$A2,SessionLog!$E$2:$E$309,"SE_mongodb.Badges.Date",SessionLog!$F$2:$F$309,"M") | BK2: =COUNTIFS(SessionLog!$B$2:$B$309,$A2,SessionLog!$E$2:$E$309,"SE_mongodb.Badges.Date",SessionLog!$F$2:$F$309,"P") | BL2: =COUNTIFS(SessionLog!$B$2:$B$309,$A2,SessionLog!$E$2:$E$309,"SE_mongodb.Posts.Id",SessionLog!$F$2:$F$309,"M") | BM2: =COUNTIFS(SessionLog!$B$2:$B$309,$A2,SessionLog!$E$2:$E$309,"SE_mongodb.Posts.Id",SessionLog!$F$2:$F$309,"P") | BN2: =COUNTIFS(SessionLog!$B$2:$B$309,$A2,SessionLog!$E$2:$E$309,"SE_mongodb.Posts.Tags",SessionLog!$F$2:$F$309,"M") | BO2: =COUNTIFS(SessionLog!$B$2:$B$309,$A2,SessionLog!$E$2:$E$309,"SE_mongodb.Posts.Tags",SessionLog!$F$2:$F$309,"P") | BP2: =COUNTIFS(SessionLog!$B$2:$B$309,$A2,SessionLog!$E$2:$E$309,"SE_mongodb.Posts.Body",SessionLog!$F$2:$F$309,"M") | BQ2: =COUNTIFS(SessionLog!$B$2:$B$309,$A2,SessionLog!$E$2:$E$309,"SE_mongodb.Posts.Body",SessionLog!$F$2:$F$309,"P") | BR2: =COUNTIFS(SessionLog!$B$2:$B$309,$A2,SessionLog!$E$2:$E$309,"SE_mongodb.Users.Id",SessionLog!$F$2:$F$309,"M") | BS2: =COUNTIFS(SessionLog!$B$2:$B$309,$A2,SessionLog!$E$2:$E$309,"SE_mongodb.Users.Id",SessionLog!$F$2:$F$309,"P") | BT2: =COUNTIFS(SessionLog!$B$2:$B$309,$A2,SessionLog!$E$2:$E$309,"SE_mongodb.Users.DisplayName",SessionLog!$F$2:$F$309,"M") | BU2: =COUNTIFS(SessionLog!$B$2:$B$309,$A2,SessionLog!$E$2:$E$309,"SE_mongodb.Users.DisplayName",SessionLog!$F$2:$F$309,"P") | BV2: =COUNTIFS(SessionLog!$B$2:$B$309,$A2,SessionLog!$E$2:$E$309,"SE_mongodb.Users.AboutMe",SessionLog!$F$2:$F$309,"M") | BW2: =COUNTIFS(SessionLog!$B$2:$B$309,$A2,SessionLog!$E$2:$E$309,"SE_mongodb.Users.AboutMe",SessionLog!$F$2:$F$309,"P") | BX2: =COUNTIFS(SessionLog!$B$2:$B$309,$A2,SessionLog!$E$2:$E$309,"SE_mongodb.Comments.Id",SessionLog!$F$2:$F$309,"M") | BY2: =COUNTIFS(SessionLog!$B$2:$B$309,$A2,SessionLog!$E$2:$E$309,"SE_mongodb.Comments.Id",SessionLog!$F$2:$F$309,"P") | BZ2: =COUNTIFS(SessionLog!$B$2:$B$309,$A2,SessionLog!$E$2:$E$309,"SE_mongodb.Comments.UserId",SessionLog!$F$2:$F$309,"M") | CA2: =COUNTIFS(SessionLog!$B$2:$B$309,$A2,SessionLog!$E$2:$E$309,"SE_mongodb.Comments.UserId",SessionLog!$F$2:$F$309,"P") | CB2: =COUNTIFS(SessionLog!$B$2:$B$309,$A2,SessionLog!$E$2:$E$309,"SE_mongodb.Comments.Text",SessionLog!$F$2:$F$309,"M") | CC2: =COUNTIFS(SessionLog!$B$2:$B$309,$A2,SessionLog!$E$2:$E$309,"SE_mongodb.Comments.Text",SessionLog!$F$2:$F$309,"P") | CD2: =COUNTIFS(SessionLog!$B$2:$B$309,$A2,SessionLog!$E$2:$E$309,"SE_mongodb.Comments.PostId",SessionLog!$F$2:$F$309,"M") | CE2: =COUNTIFS(SessionLog!$B$2:$B$309,$A2,SessionLog!$E$2:$E$309,"SE_mongodb.Comments.PostId",SessionLog!$F$2:$F$309,"P") | CF2: =COUNTIFS(SessionLog!$B$2:$B$309,$A2,SessionLog!$E$2:$E$309,"SE_neo4j.postlinks.id",SessionLog!$F$2:$F$309,"M") | CG2: =COUNTIFS(SessionLog!$B$2:$B$309,$A2,SessionLog!$E$2:$E$309,"SE_neo4j.postlinks.id",SessionLog!$F$2:$F$309,"P") | CH2: =COUNTIFS(SessionLog!$B$2:$B$309,$A2,SessionLog!$E$2:$E$309,"SE_neo4j.postlinks.LinkTypeId",SessionLog!$F$2:$F$309,"M") | CI2: =COUNTIFS(SessionLog!$B$2:$B$309,$A2,SessionLog!$E$2:$E$309,"SE_neo4j.postlinks.LinkTypeId",SessionLog!$F$2:$F$309,"P") | CJ2: =COUNTIFS(SessionLog!$B$2:$B$309,$A2,SessionLog!$E$2:$E$309,"SE_neo4j.postlinks.RelatedPostId",SessionLog!$F$2:$F$309,"M") | CK2: =COUNTIFS(SessionLog!$B$2:$B$309,$A2,SessionLog!$E$2:$E$309,"SE_neo4j.postlinks.RelatedPostId",SessionLog!$F$2:$F$309,"P") | CL2: =COUNTIFS(SessionLog!$B$2:$B$309,$A2,SessionLog!$E$2:$E$309,"SE_neo4j.postlinks.PostIdd",SessionLog!$F$2:$F$309,"M") | CM2: =COUNTIFS(SessionLog!$B$2:$B$309,$A2,SessionLog!$E$2:$E$309,"SE_neo4j.postlinks.PostIdd",SessionLog!$F$2:$F$309,"P") | CN2: =COUNTIFS(SessionLog!$B$2:$B$309,$A2,SessionLog!$E$2:$E$309,"SE_neo4j.postlinks.CreationDate",SessionLog!$F$2:$F$309,"M") | CO2: =COUNTIFS(SessionLog!$B$2:$B$309,$A2,SessionLog!$E$2:$E$309,"SE_neo4j.postlinks.CreationDate",SessionLog!$F$2:$F$309,"P") | CP2: =COUNTIFS(SessionLog!$B$2:$B$309,$A2,SessionLog!$E$2:$E$309,"SE_neo4j.Posts.id",SessionLog!$F$2:$F$309,"M") | CQ2: =COUNTIFS(SessionLog!$B$2:$B$309,$A2,SessionLog!$E$2:$E$309,"SE_neo4j.Posts.id",SessionLog!$F$2:$F$309,"P") | CR2: =COUNTIFS(SessionLog!$B$2:$B$309,$A2,SessionLog!$E$2:$E$309,"SE_neo4j.Posts.posttypeid",SessionLog!$F$2:$F$309,"M") | CS2: =COUNTIFS(SessionLog!$B$2:$B$309,$A2,SessionLog!$E$2:$E$309,"SE_neo4j.Posts.posttypeid",SessionLog!$F$2:$F$309,"P") | CT2: =COUNTIFS(SessionLog!$B$2:$B$309,$A2,SessionLog!$E$2:$E$309,"SE_neo4j.Posts.parentid",SessionLog!$F$2:$F$309,"M") | CU2: =COUNTIFS(SessionLog!$B$2:$B$309,$A2,SessionLog!$E$2:$E$309,"SE_neo4j.Posts.parentid",SessionLog!$F$2:$F$309,"P") | CV2: =COUNTIFS(SessionLog!$B$2:$B$309,$A2,SessionLog!$E$2:$E$309,"SE_neo4j.Posts.owneruserid",SessionLog!$F$2:$F$309,"M") | CW2: =COUNTIFS(SessionLog!$B$2:$B$309,$A2,SessionLog!$E$2:$E$309,"SE_neo4j.Posts.owneruserid",SessionLog!$F$2:$F$309,"P") | CX2: =COUNTIFS(SessionLog!$B$2:$B$309,$A2,SessionLog!$E$2:$E$309,"SE_neo4j.Posts.acceptedanswerid",SessionLog!$F$2:$F$309,"M") | CY2: =COUNTIFS(SessionLog!$B$2:$B$309,$A2,SessionLog!$E$2:$E$309,"SE_neo4j.Posts.acceptedanswerid",SessionLog!$F$2:$F$309,"P") | CZ2: =COUNTIFS(SessionLog!$B$2:$B$309,$A2,SessionLog!$E$2:$E$309,"SE_neo4j.Comments.id",SessionLog!$F$2:$F$309,"M") | DA2: =COUNTIFS(SessionLog!$B$2:$B$309,$A2,SessionLog!$E$2:$E$309,"SE_neo4j.Comments.id",SessionLog!$F$2:$F$309,"P") | DB2: =COUNTIFS(SessionLog!$B$2:$B$309,$A2,SessionLog!$E$2:$E$309,"SE_neo4j.Comments.creationdate",SessionLog!$F$2:$F$309,"M") | DC2: =COUNTIFS(SessionLog!$B$2:$B$309,$A2,SessionLog!$E$2:$E$309,"SE_neo4j.Comments.creationdate",SessionLog!$F$2:$F$309,"P") | DD2: =COUNTIFS(SessionLog!$B$2:$B$309,$A2,SessionLog!$E$2:$E$309,"SE_neo4j.Comments.score",SessionLog!$F$2:$F$309,"M") | DE2: =COUNTIFS(SessionLog!$B$2:$B$309,$A2,SessionLog!$E$2:$E$309,"SE_neo4j.Comments.score",SessionLog!$F$2:$F$309,"P") | DF2: =COUNTIFS(SessionLog!$B$2:$B$309,$A2,SessionLog!$E$2:$E$309,"SE_neo4j.Users.id",SessionLog!$F$2:$F$309,"M") | DG2: =COUNTIFS(SessionLog!$B$2:$B$309,$A2,SessionLog!$E$2:$E$309,"SE_neo4j.Users.id",SessionLog!$F$2:$F$309,"P") | DH2: =COUNTIFS(SessionLog!$B$2:$B$309,$A2,SessionLog!$E$2:$E$309,"SE_neo4j.Users.accountid",SessionLog!$F$2:$F$309,"M") | DI2: =COUNTIFS(SessionLog!$B$2:$B$309,$A2,SessionLog!$E$2:$E$309,"SE_neo4j.Users.accountid",SessionLog!$F$2:$F$309,"P") | DJ2: =COUNTIFS(SessionLog!$B$2:$B$309,$A2,SessionLog!$E$2:$E$309,"SE_neo4j.Users.displayname",SessionLog!$F$2:$F$309,"M") | DK2: =COUNTIFS(SessionLog!$B$2:$B$309,$A2,SessionLog!$E$2:$E$309,"SE_neo4j.Users.displayname",SessionLog!$F$2:$F$309,"P") | DL2: =COUNTIFS(SessionLog!$B$2:$B$309,$A2,SessionLog!$E$2:$E$309,"SE_neo4j.Users.creationdate",SessionLog!$F$2:$F$309,"M") | DM2: =COUNTIFS(SessionLog!$B$2:$B$309,$A2,SessionLog!$E$2:$E$309,"SE_neo4j.Users.creationdate",SessionLog!$F$2:$F$309,"P") | DN2: =COUNTIFS(SessionLog!$B$2:$B$309,$A2,SessionLog!$E$2:$E$309,"SE_neo4j.Tags.id",SessionLog!$F$2:$F$309,"M") | DO2: =COUNTIFS(SessionLog!$B$2:$B$309,$A2,SessionLog!$E$2:$E$309,"SE_neo4j.Tags.id",SessionLog!$F$2:$F$309,"P") | DP2: =COUNTIFS(SessionLog!$B$2:$B$309,$A2,SessionLog!$E$2:$E$309,"SE_neo4j.Tags.count",SessionLog!$F$2:$F$309,"M") | DQ2: =COUNTIFS(SessionLog!$B$2:$B$309,$A2,SessionLog!$E$2:$E$309,"SE_neo4j.Tags.count",SessionLog!$F$2:$F$309,"P") | DR2: =COUNTIFS(SessionLog!$B$2:$B$309,$A2,SessionLog!$E$2:$E$309,"SE_neo4j.Tags.wikipostid",SessionLog!$F$2:$F$309,"M") | DS2: =COUNTIFS(SessionLog!$B$2:$B$309,$A2,SessionLog!$E$2:$E$309,"SE_neo4j.Tags.wikipostid",SessionLog!$F$2:$F$309,"P") | DT2: =COUNTIFS(SessionLog!$B$2:$B$309,$A2,SessionLog!$E$2:$E$309,"SE_neo4j.Tags.tagname",SessionLog!$F$2:$F$309,"M") | DU2: =COUNTIFS(SessionLog!$B$2:$B$309,$A2,SessionLog!$E$2:$E$309,"SE_neo4j.Tags.tagname",SessionLog!$F$2:$F$309,"P") | DV2: =COUNTIFS(SessionLog!$B$2:$B$309,$A2,SessionLog!$E$2:$E$309,"SE_neo4j.Tags.excerptpostid",SessionLog!$F$2:$F$309,"M") | DW2: =COUNTIFS(SessionLog!$B$2:$B$309,$A2,SessionLog!$E$2:$E$309,"SE_neo4j.Tags.excerptpostid",SessionLog!$F$2:$F$309,"P")
A3: A2 | B3: =COUNTIFS(SessionLog!$B$2:$B$309,$A3,SessionLog!$E$2:$E$309,"SE_mysql.postes.Id",SessionLog!$F$2:$F$309,"M") | C3: =COUNTIFS(SessionLog!$B$2:$B$309,$A3,SessionLog!$E$2:$E$309,"SE_mysql.postes.Id",SessionLog!$F$2:$F$309,"P") | D3: =COUNTIFS(SessionLog!$B$2:$B$309,$A3,SessionLog!$E$2:$E$309,"SE_mysql.postes.PostTypeId",SessionLog!$F$2:$F$309,"M") | E3: =COUNTIFS(SessionLog!$B$2:$B$309,$A3,SessionLog!$E$2:$E$309,"SE_mysql.postes.PostTypeId",SessionLog!$F$2:$F$309,"P") | F3: =COUNTIFS(SessionLog!$B$2:$B$309,$A3,SessionLog!$E$2:$E$309,"SE_mysql.postes.Title",SessionLog!$F$2:$F$309,"M") | G3: =COUNTIFS(SessionLog!$B$2:$B$309,$A3,SessionLog!$E$2:$E$309,"SE_mysql.postes.Title",SessionLog!$F$2:$F$309,"P") | H3: =COUNTIFS(SessionLog!$B$2:$B$309,$A3,SessionLog!$E$2:$E$309,"SE_mysql.postes.OwnerUserId",SessionLog!$F$2:$F$309,"M") | I3: =COUNTIFS(SessionLog!$B$2:$B$309,$A3,SessionLog!$E$2:$E$309,"SE_mysql.postes.OwnerUserId",SessionLog!$F$2:$F$309,"P") | J3: =COUNTIFS(SessionLog!$B$2:$B$309,$A3,SessionLog!$E$2:$E$309,"SE_mysql.postes.ViewCount",SessionLog!$F$2:$F$309,"M") | K3: =COUNTIFS(SessionLog!$B$2:$B$309,$A3,SessionLog!$E$2:$E$309,"SE_mysql.postes.ViewCount",SessionLog!$F$2:$F$309,"P") | L3: =COUNTIFS(SessionLog!$B$2:$B$309,$A3,SessionLog!$E$2:$E$309,"SE_mysql.postes.LastEditDate",SessionLog!$F$2:$F$309,"M") | M3: =COUNTIFS(SessionLog!$B$2:$B$309,$A3,SessionLog!$E$2:$E$309,"SE_mysql.postes.LastEditDate",SessionLog!$F$2:$F$309,"P") | N3: =COUNTIFS(SessionLog!$B$2:$B$309,$A3,SessionLog!$E$2:$E$309,"SE_mysql.postes.LastEditorUserId",SessionLog!$F$2:$F$309,"M") | O3: =COUNTIFS(SessionLog!$B$2:$B$309,$A3,SessionLog!$E$2:$E$309,"SE_mysql.postes.LastEditorUserId",SessionLog!$F$2:$F$309,"P") | P3: =COUNTIFS(SessionLog!$B$2:$B$309,$A3,SessionLog!$E$2:$E$309,"SE_mysql.postes.CreationDate",SessionLog!$F$2:$F$309,"M") | Q3: =COUNTIFS(SessionLog!$B$2:$B$309,$A3,SessionLog!$E$2:$E$309,"SE_mysql.postes.CreationDate",SessionLog!$F$2:$F$309,"P") | R3: =COUNTIFS(SessionLog!$B$2:$B$309,$A3,SessionLog!$E$2:$E$309,"SE_mysql.Posttypes.Id",SessionLog!$F$2:$F$309,"M") | S3: =COUNTIFS(SessionLog!$B$2:$B$309,$A3,SessionLog!$E$2:$E$309,"SE_mysql.Posttypes.Id",SessionLog!$F$2:$F$309,"P") | T3: =COUNTIFS(SessionLog!$B$2:$B$309,$A3,SessionLog!$E$2:$E$309,"SE_mysql.Posttypes.Name",SessionLog!$F$2:$F$309,"M") | U3: =COUNTIFS(SessionLog!$B$2:$B$309,$A3,SessionLog!$E$2:$E$309,"SE_mysql.Posttypes.Name",SessionLog!$F$2:$F$309,"P") | V3: =COUNTIFS(SessionLog!$B$2:$B$309,$A3,SessionLog!$E$2:$E$309,"SE_mysql.Users.Id",SessionLog!$F$2:$F$309,"M") | W3: =COUNTIFS(SessionLog!$B$2:$B$309,$A3,SessionLog!$E$2:$E$309,"SE_mysql.Users.Id",SessionLog!$F$2:$F$309,"P") | X3: =COUNTIFS(SessionLog!$B$2:$B$309,$A3,SessionLog!$E$2:$E$309,"SE_mysql.Users.Views",SessionLog!$F$2:$F$309,"M") | Y3: =COUNTIFS(SessionLog!$B$2:$B$309,$A3,SessionLog!$E$2:$E$309,"SE_mysql.Users.Views",SessionLog!$F$2:$F$309,"P") | Z3: =COUNTIFS(SessionLog!$B$2:$B$309,$A3,SessionLog!$E$2:$E$309,"SE_mysql.Users.UpVotes",SessionLog!$F$2:$F$309,"M") | AA3: =COUNTIFS(SessionLog!$B$2:$B$309,$A3,SessionLog!$E$2:$E$309,"SE_mysql.Users.UpVotes",SessionLog!$F$2:$F$309,"P") | AB3: =COUNTIFS(SessionLog!$B$2:$B$309,$A3,SessionLog!$E$2:$E$309,"SE_mysql.Users.DisplayName",SessionLog!$F$2:$F$309,"M") | AC3: =COUNTIFS(SessionLog!$B$2:$B$309,$A3,SessionLog!$E$2:$E$309,"SE_mysql.Users.DisplayName",SessionLog!$F$2:$F$309,"P") | AD3: =COUNTIFS(SessionLog!$B$2:$B$309,$A3,SessionLog!$E$2:$E$309,"SE_mysql.Users.DownVotes",SessionLog!$F$2:$F$309,"M") | AE3: =COUNTIFS(SessionLog!$B$2:$B$309,$A3,SessionLog!$E$2:$E$309,"SE_mysql.Users.DownVotes",SessionLog!$F$2:$F$309,"P") | AF3: =COUNTIFS(SessionLog!$B$2:$B$309,$A3,SessionLog!$E$2:$E$309,"SE_mysql.Users.LastAccessDate",SessionLog!$F$2:$F$309,"M") | AG3: =COUNTIFS(SessionLog!$B$2:$B$309,$A3,SessionLog!$E$2:$E$309,"SE_mysql.Users.LastAccessDate",SessionLog!$F$2:$F$309,"P") | AH3: =COUNTIFS(SessionLog!$B$2:$B$309,$A3,SessionLog!$E$2:$E$309,"SE_mysql.Users.Reputation",SessionLog!$F$2:$F$309,"M") | AI3: =COUNTIFS(SessionLog!$B$2:$B$309,$A3,SessionLog!$E$2:$E$309,"SE_mysql.Users.Reputation",SessionLog!$F$2:$F$309,"P") | AJ3: =COUNTIFS(SessionLog!$B$2:$B$309,$A3,SessionLog!$E$2:$E$309,"SE_mysql.Flagtypes.Id",SessionLog!$F$2:$F$309,"M") | AK3: =COUNTIFS(SessionLog!$B$2:$B$309,$A3,SessionLog!$E$2:$E$309,"SE_mysql.Flagtypes.Id",SessionLog!$F$2:$F$309,"P") | AL3: =COUNTIFS(SessionLog!$B$2:$B$309,$A3,SessionLog!$E$2:$E$309,"SE_mysql.Flagtypes.Name",SessionLog!$F$2:$F$309,"M") | AM3: =COUNTIFS(SessionLog!$B$2:$B$309,$A3,SessionLog!$E$2:$E$309,"SE_mysql.Flagtypes.Name",SessionLog!$F$2:$F$309,"P") | AN3: =COUNTIFS(SessionLog!$B$2:$B$309,$A3,SessionLog!$E$2:$E$309,"SE_mysql.Votes.Id",SessionLog!$F$2:$F$309,"M") | AO3: =COUNTIFS(SessionLog!$B$2:$B$309,$A3,SessionLog!$E$2:$E$309,"SE_mysql.Votes.Id",SessionLog!$F$2:$F$309,"P") | AP3: =COUNTIFS(SessionLog!$B$2:$B$309,$A3,SessionLog!$E$2:$E$309,"SE_mysql.Votes.UserId",SessionLog!$F$2:$F$309,"M") | AQ3: =COUNTIFS(SessionLog!$B$2:$B$309,$A3,SessionLog!$E$2:$E$309,"SE_mysql.Votes.UserId",SessionLog!$F$2:$F$309,"P") | AR3: =COUNTIFS(SessionLog!$B$2:$B$309,$A3,SessionLog!$E$2:$E$309,"SE_mysql.Votes.BountyAmount",SessionLog!$F$2:$F$309,"M") | AS3: =COUNTIFS(SessionLog!$B$2:$B$309,$A3,SessionLog!$E$2:$E$309,"SE_mysql.Votes.BountyAmount",SessionLog!$F$2:$F$309,"P") | AT3: =COUNTIFS(SessionLog!$B$2:$B$309,$A3,SessionLog!$E$2:$E$309,"SE_mysql.Votes.CreationDate",SessionLog!$F$2:$F$309,"M") | AU3: =COUNTIFS(SessionLog!$B$2:$B$309,$A3,SessionLog!$E$2:$E$309,"SE_mysql.Votes.CreationDate",SessionLog!$F$2:$F$309,"P") | AV3: =COUNTIFS(SessionLog!$B$2:$B$309,$A3,SessionLog!$E$2:$E$309,"SE_mysql.Votes.PostId",SessionLog!$F$2:$F$309,"M") | AW3: =COUNTIFS(SessionLog!$B$2:$B$309,$A3,SessionLog!$E$2:$E$309,"SE_mysql.Votes.PostId",SessionLog!$F$2:$F$309,"P") | AX3: =COUNTIFS(SessionLog!$B$2:$B$309,$A3,SessionLog!$E$2:$E$309,"SE_mysql.Votes.VoteTypeId",SessionLog!$F$2:$F$309,"M") | AY3: =COUNTIFS(SessionLog!$B$2:$B$309,$A3,SessionLog!$E$2:$E$309,"SE_mysql.Votes.VoteTypeId",SessionLog!$F$2:$F$309,"P") | AZ3: =COUNTIFS(SessionLog!$B$2:$B$309,$A3,SessionLog!$E$2:$E$309,"SE_mysql.Votetypes.Id",SessionLog!$F$2:$F$309,"M") | BA3: =COUNTIFS(SessionLog!$B$2:$B$309,$A3,SessionLog!$E$2:$E$309,"SE_mysql.Votetypes.Id",SessionLog!$F$2:$F$309,"P") | BB3: =COUNTIFS(SessionLog!$B$2:$B$309,$A3,SessionLog!$E$2:$E$309,"SE_mysql.Votetypes.Name",SessionLog!$F$2:$F$309,"M") | BC3: =COUNTIFS(SessionLog!$B$2:$B$309,$A3,SessionLog!$E$2:$E$309,"SE_mysql.Votetypes.Name",SessionLog!$F$2:$F$309,"P") | BD3: =COUNTIFS(SessionLog!$B$2:$B$309,$A3,SessionLog!$E$2:$E$309,"SE_mongodb.Badges.Id",SessionLog!$F$2:$F$309,"M") | BE3: =COUNTIFS(SessionLog!$B$2:$B$309,$A3,SessionLog!$E$2:$E$309,"SE_mongodb.Badges.Id",SessionLog!$F$2:$F$309,"P") | BF3: =COUNTIFS(SessionLog!$B$2:$B$309,$A3,SessionLog!$E$2:$E$309,"SE_mongodb.Badges.UserId",SessionLog!$F$2:$F$309,"M") | BG3: =COUNTIFS(SessionLog!$B$2:$B$309,$A3,SessionLog!$E$2:$E$309,"SE_mongodb.Badges.UserId",SessionLog!$F$2:$F$309,"P") | BH3: =COUNTIFS(SessionLog!$B$2:$B$309,$A3,SessionLog!$E$2:$E$309,"SE_mongodb.Badges.Name",SessionLog!$F$2:$F$309,"M") | BI3: =COUNTIFS(SessionLog!$B$2:$B$309,$A3,SessionLog!$E$2:$E$309,"SE_mongodb.Badges.Name",SessionLog!$F$2:$F$309,"P") | BJ3: =COUNTIFS(SessionLog!$B$2:$B$309,$A3,SessionLog!$E$2:$E$309,"SE_mongodb.Badges.Date",SessionLog!$F$2:$F$309,"M") | BK3: =COUNTIFS(SessionLog!$B$2:$B$309,$A3,SessionLog!$E$2:$E$309,"SE_mongodb.Badges.Date",SessionLog!$F$2:$F$309,"P") | BL3: =COUNTIFS(SessionLog!$B$2:$B$309,$A3,SessionLog!$E$2:$E$309,"SE_mongodb.Posts.Id",SessionLog!$F$2:$F$309,"M") | BM3: =COUNTIFS(SessionLog!$B$2:$B$309,$A3,SessionLog!$E$2:$E$309,"SE_mongodb.Posts.Id",SessionLog!$F$2:$F$309,"P") | BN3: =COUNTIFS(SessionLog!$B$2:$B$309,$A3,SessionLog!$E$2:$E$309,"SE_mongodb.Posts.Tags",SessionLog!$F$2:$F$309,"M") | BO3: =COUNTIFS(SessionLog!$B$2:$B$309,$A3,SessionLog!$E$2:$E$309,"SE_mongodb.Posts.Tags",SessionLog!$F$2:$F$309,"P") | BP3: =COUNTIFS(SessionLog!$B$2:$B$309,$A3,SessionLog!$E$2:$E$309,"SE_mongodb.Posts.Body",SessionLog!$F$2:$F$309,"M") | BQ3: =COUNTIFS(SessionLog!$B$2:$B$309,$A3,SessionLog!$E$2:$E$309,"SE_mongodb.Posts.Body",SessionLog!$F$2:$F$309,"P") | BR3: =COUNTIFS(SessionLog!$B$2:$B$309,$A3,SessionLog!$E$2:$E$309,"SE_mongodb.Users.Id",SessionLog!$F$2:$F$309,"M") | BS3: =COUNTIFS(SessionLog!$B$2:$B$309,$A3,SessionLog!$E$2:$E$309,"SE_mongodb.Users.Id",SessionLog!$F$2:$F$309,"P") | BT3: =COUNTIFS(SessionLog!$B$2:$B$309,$A3,SessionLog!$E$2:$E$309,"SE_mongodb.Users.DisplayName",SessionLog!$F$2:$F$309,"M") | BU3: =COUNTIFS(SessionLog!$B$2:$B$309,$A3,SessionLog!$E$2:$E$309,"SE_mongodb.Users.DisplayName",SessionLog!$F$2:$F$309,"P") | BV3: =COUNTIFS(SessionLog!$B$2:$B$309,$A3,SessionLog!$E$2:$E$309,"SE_mongodb.Users.AboutMe",SessionLog!$F$2:$F$309,"M") | BW3: =COUNTIFS(SessionLog!$B$2:$B$309,$A3,SessionLog!$E$2:$E$309,"SE_mongodb.Users.AboutMe",SessionLog!$F$2:$F$309,"P") | BX3: =COUNTIFS(SessionLog!$B$2:$B$309,$A3,SessionLog!$E$2:$E$309,"SE_mongodb.Comments.Id",SessionLog!$F$2:$F$309,"M") | BY3: =COUNTIFS(SessionLog!$B$2:$B$309,$A3,SessionLog!$E$2:$E$309,"SE_mongodb.Comments.Id",SessionLog!$F$2:$F$309,"P") | BZ3: =COUNTIFS(SessionLog!$B$2:$B$309,$A3,SessionLog!$E$2:$E$309,"SE_mongodb.Comments.UserId",SessionLog!$F$2:$F$309,"M") | CA3: =COUNTIFS(SessionLog!$B$2:$B$309,$A3,SessionLog!$E$2:$E$309,"SE_mongodb.Comments.UserId",SessionLog!$F$2:$F$309,"P") | CB3: =COUNTIFS(SessionLog!$B$2:$B$309,$A3,SessionLog!$E$2:$E$309,"SE_mongodb.Comments.Text",SessionLog!$F$2:$F$309,"M") | CC3: =COUNTIFS(SessionLog!$B$2:$B$309,$A3,SessionLog!$E$2:$E$309,"SE_mongodb.Comments.Text",SessionLog!$F$2:$F$309,"P") | CD3: =COUNTIFS(SessionLog!$B$2:$B$309,$A3,SessionLog!$E$2:$E$309,"SE_mongodb.Comments.PostId",SessionLog!$F$2:$F$309,"M") | CE3: =COUNTIFS(SessionLog!$B$2:$B$309,$A3,SessionLog!$E$2:$E$309,"SE_mongodb.Comments.PostId",SessionLog!$F$2:$F$309,"P") | CF3: =COUNTIFS(SessionLog!$B$2:$B$309,$A3,SessionLog!$E$2:$E$309,"SE_neo4j.postlinks.id",SessionLog!$F$2:$F$309,"M") | CG3: =COUNTIFS(SessionLog!$B$2:$B$309,$A3,SessionLog!$E$2:$E$309,"SE_neo4j.postlinks.id",SessionLog!$F$2:$F$309,"P") | CH3: =COUNTIFS(SessionLog!$B$2:$B$309,$A3,SessionLog!$E$2:$E$309,"SE_neo4j.postlinks.LinkTypeId",SessionLog!$F$2:$F$309,"M") | CI3: =COUNTIFS(SessionLog!$B$2:$B$309,$A3,SessionLog!$E$2:$E$309,"SE_neo4j.postlinks.LinkTypeId",SessionLog!$F$2:$F$309,"P") | CJ3: =COUNTIFS(SessionLog!$B$2:$B$309,$A3,SessionLog!$E$2:$E$309,"SE_neo4j.postlinks.RelatedPostId",SessionLog!$F$2:$F$309,"M") | CK3: =COUNTIFS(SessionLog!$B$2:$B$309,$A3,SessionLog!$E$2:$E$309,"SE_neo4j.postlinks.RelatedPostId",SessionLog!$F$2:$F$309,"P") | CL3: =COUNTIFS(SessionLog!$B$2:$B$309,$A3,SessionLog!$E$2:$E$309,"SE_neo4j.postlinks.PostIdd",SessionLog!$F$2:$F$309,"M") | CM3: =COUNTIFS(SessionLog!$B$2:$B$309,$A3,SessionLog!$E$2:$E$309,"SE_neo4j.postlinks.PostIdd",SessionLog!$F$2:$F$309,"P") | CN3: =COUNTIFS(SessionLog!$B$2:$B$309,$A3,SessionLog!$E$2:$E$309,"SE_neo4j.postlinks.CreationDate",SessionLog!$F$2:$F$309,"M") | CO3: =COUNTIFS(SessionLog!$B$2:$B$309,$A3,SessionLog!$E$2:$E$309,"SE_neo4j.postlinks.CreationDate",SessionLog!$F$2:$F$309,"P") | CP3: =COUNTIFS(SessionLog!$B$2:$B$309,$A3,SessionLog!$E$2:$E$309,"SE_neo4j.Posts.id",SessionLog!$F$2:$F$309,"M") | CQ3: =COUNTIFS(SessionLog!$B$2:$B$309,$A3,SessionLog!$E$2:$E$309,"SE_neo4j.Posts.id",SessionLog!$F$2:$F$309,"P") | CR3: =COUNTIFS(SessionLog!$B$2:$B$309,$A3,SessionLog!$E$2:$E$309,"SE_neo4j.Posts.posttypeid",SessionLog!$F$2:$F$309,"M") | CS3: =COUNTIFS(SessionLog!$B$2:$B$309,$A3,SessionLog!$E$2:$E$309,"SE_neo4j.Posts.posttypeid",SessionLog!$F$2:$F$309,"P") | CT3: =COUNTIFS(SessionLog!$B$2:$B$309,$A3,SessionLog!$E$2:$E$309,"SE_neo4j.Posts.parentid",SessionLog!$F$2:$F$309,"M") | CU3: =COUNTIFS(SessionLog!$B$2:$B$309,$A3,SessionLog!$E$2:$E$309,"SE_neo4j.Posts.parentid",SessionLog!$F$2:$F$309,"P") | CV3: =COUNTIFS(SessionLog!$B$2:$B$309,$A3,SessionLog!$E$2:$E$309,"SE_neo4j.Posts.owneruserid",SessionLog!$F$2:$F$309,"M") | CW3: =COUNTIFS(SessionLog!$B$2:$B$309,$A3,SessionLog!$E$2:$E$309,"SE_neo4j.Posts.owneruserid",SessionLog!$F$2:$F$309,"P") | CX3: =COUNTIFS(SessionLog!$B$2:$B$309,$A3,SessionLog!$E$2:$E$309,"SE_neo4j.Posts.acceptedanswerid",SessionLog!$F$2:$F$309,"M") | CY3: =COUNTIFS(SessionLog!$B$2:$B$309,$A3,SessionLog!$E$2:$E$309,"SE_neo4j.Posts.acceptedanswerid",SessionLog!$F$2:$F$309,"P") | CZ3: =COUNTIFS(SessionLog!$B$2:$B$309,$A3,SessionLog!$E$2:$E$309,"SE_neo4j.Comments.id",SessionLog!$F$2:$F$309,"M") | DA3: =COUNTIFS(SessionLog!$B$2:$B$309,$A3,SessionLog!$E$2:$E$309,"SE_neo4j.Comments.id",SessionLog!$F$2:$F$309,"P") | DB3: =COUNTIFS(SessionLog!$B$2:$B$309,$A3,SessionLog!$E$2:$E$309,"SE_neo4j.Comments.creationdate",SessionLog!$F$2:$F$309,"M") | DC3: =COUNTIFS(SessionLog!$B$2:$B$309,$A3,SessionLog!$E$2:$E$309,"SE_neo4j.Comments.creationdate",SessionLog!$F$2:$F$309,"P") | DD3: =COUNTIFS(SessionLog!$B$2:$B$309,$A3,SessionLog!$E$2:$E$309,"SE_neo4j.Comments.score",SessionLog!$F$2:$F$309,"M") | DE3: =COUNTIFS(SessionLog!$B$2:$B$309,$A3,SessionLog!$E$2:$E$309,"SE_neo4j.Comments.score",SessionLog!$F$2:$F$309,"P") | DF3: =COUNTIFS(SessionLog!$B$2:$B$309,$A3,SessionLog!$E$2:$E$309,"SE_neo4j.Users.id",SessionLog!$F$2:$F$309,"M") | DG3: =COUNTIFS(SessionLog!$B$2:$B$309,$A3,SessionLog!$E$2:$E$309,"SE_neo4j.Users.id",SessionLog!$F$2:$F$309,"P") | DH3: =COUNTIFS(SessionLog!$B$2:$B$309,$A3,SessionLog!$E$2:$E$309,"SE_neo4j.Users.accountid",SessionLog!$F$2:$F$309,"M") | DI3: =COUNTIFS(SessionLog!$B$2:$B$309,$A3,SessionLog!$E$2:$E$309,"SE_neo4j.Users.accountid",SessionLog!$F$2:$F$309,"P") | DJ3: =COUNTIFS(SessionLog!$B$2:$B$309,$A3,SessionLog!$E$2:$E$309,"SE_neo4j.Users.displayname",SessionLog!$F$2:$F$309,"M") | DK3: =COUNTIFS(SessionLog!$B$2:$B$309,$A3,SessionLog!$E$2:$E$309,"SE_neo4j.Users.displayname",SessionLog!$F$2:$F$309,"P") | DL3: =COUNTIFS(SessionLog!$B$2:$B$309,$A3,SessionLog!$E$2:$E$309,"SE_neo4j.Users.creationdate",SessionLog!$F$2:$F$309,"M") | DM3: =COUNTIFS(SessionLog!$B$2:$B$309,$A3,SessionLog!$E$2:$E$309,"SE_neo4j.Users.creationdate",SessionLog!$F$2:$F$309,"P") | DN3: =COUNTIFS(SessionLog!$B$2:$B$309,$A3,SessionLog!$E$2:$E$309,"SE_neo4j.Tags.id",SessionLog!$F$2:$F$309,"M") | DO3: =COUNTIFS(SessionLog!$B$2:$B$309,$A3,SessionLog!$E$2:$E$309,"SE_neo4j.Tags.id",SessionLog!$F$2:$F$309,"P") | DP3: =COUNTIFS(SessionLog!$B$2:$B$309,$A3,SessionLog!$E$2:$E$309,"SE_neo4j.Tags.count",SessionLog!$F$2:$F$309,"M") | DQ3: =COUNTIFS(SessionLog!$B$2:$B$309,$A3,SessionLog!$E$2:$E$309,"SE_neo4j.Tags.count",SessionLog!$F$2:$F$309,"P") | DR3: =COUNTIFS(SessionLog!$B$2:$B$309,$A3,SessionLog!$E$2:$E$309,"SE_neo4j.Tags.wikipostid",SessionLog!$F$2:$F$309,"M") | DS3: =COUNTIFS(SessionLog!$B$2:$B$309,$A3,SessionLog!$E$2:$E$309,"SE_neo4j.Tags.wikipostid",SessionLog!$F$2:$F$309,"P") | DT3: =COUNTIFS(SessionLog!$B$2:$B$309,$A3,SessionLog!$E$2:$E$309,"SE_neo4j.Tags.tagname",SessionLog!$F$2:$F$309,"M") | DU3: =COUNTIFS(SessionLog!$B$2:$B$309,$A3,SessionLog!$E$2:$E$309,"SE_neo4j.Tags.tagname",SessionLog!$F$2:$F$309,"P") | DV3: =COUNTIFS(SessionLog!$B$2:$B$309,$A3,SessionLog!$E$2:$E$309,"SE_neo4j.Tags.excerptpostid",SessionLog!$F$2:$F$309,"M") | DW3: =COUNTIFS(SessionLog!$B$2:$B$309,$A3,SessionLog!$E$2:$E$309,"SE_neo4j.Tags.excerptpostid",SessionLog!$F$2:$F$309,"P")
A4: A3 | B4: =COUNTIFS(SessionLog!$B$2:$B$309,$A4,SessionLog!$E$2:$E$309,"SE_mysql.postes.Id",SessionLog!$F$2:$F$309,"M") | C4: =COUNTIFS(SessionLog!$B$2:$B$309,$A4,SessionLog!$E$2:$E$309,"SE_mysql.postes.Id",SessionLog!$F$2:$F$309,"P") | D4: =COUNTIFS(SessionLog!$B$2:$B$309,$A4,SessionLog!$E$2:$E$309,"SE_mysql.postes.PostTypeId",SessionLog!$F$2:$F$309,"M") | E4: =COUNTIFS(SessionLog!$B$2:$B$309,$A4,SessionLog!$E$2:$E$309,"SE_mysql.postes.PostTypeId",SessionLog!$F$2:$F$309,"P") | F4: =COUNTIFS(SessionLog!$B$2:$B$309,$A4,SessionLog!$E$2:$E$309,"SE_mysql.postes.Title",SessionLog!$F$2:$F$309,"M") | G4: =COUNTIFS(SessionLog!$B$2:$B$309,$A4,SessionLog!$E$2:$E$309,"SE_mysql.postes.Title",SessionLog!$F$2:$F$309,"P") | H4: =COUNTIFS(SessionLog!$B$2:$B$309,$A4,SessionLog!$E$2:$E$309,"SE_mysql.postes.OwnerUserId",SessionLog!$F$2:$F$309,"M") | I4: =COUNTIFS(SessionLog!$B$2:$B$309,$A4,SessionLog!$E$2:$E$309,"SE_mysql.postes.OwnerUserId",SessionLog!$F$2:$F$309,"P") | J4: =COUNTIFS(SessionLog!$B$2:$B$309,$A4,SessionLog!$E$2:$E$309,"SE_mysql.postes.ViewCount",SessionLog!$F$2:$F$309,"M") | K4: =COUNTIFS(SessionLog!$B$2:$B$309,$A4,SessionLog!$E$2:$E$309,"SE_mysql.postes.ViewCount",SessionLog!$F$2:$F$309,"P") | L4: =COUNTIFS(SessionLog!$B$2:$B$309,$A4,SessionLog!$E$2:$E$309,"SE_mysql.postes.LastEditDate",SessionLog!$F$2:$F$309,"M") | M4: =COUNTIFS(SessionLog!$B$2:$B$309,$A4,SessionLog!$E$2:$E$309,"SE_mysql.postes.LastEditDate",SessionLog!$F$2:$F$309,"P") | N4: =COUNTIFS(SessionLog!$B$2:$B$309,$A4,SessionLog!$E$2:$E$309,"SE_mysql.postes.LastEditorUserId",SessionLog!$F$2:$F$309,"M") | O4: =COUNTIFS(SessionLog!$B$2:$B$309,$A4,SessionLog!$E$2:$E$309,"SE_mysql.postes.LastEditorUserId",SessionLog!$F$2:$F$309,"P") | P4: =COUNTIFS(SessionLog!$B$2:$B$309,$A4,SessionLog!$E$2:$E$309,"SE_mysql.postes.CreationDate",SessionLog!$F$2:$F$309,"M") | Q4: =COUNTIFS(SessionLog!$B$2:$B$309,$A4,SessionLog!$E$2:$E$309,"SE_mysql.postes.CreationDate",SessionLog!$F$2:$F$309,"P") | R4: =COUNTIFS(SessionLog!$B$2:$B$309,$A4,SessionLog!$E$2:$E$309,"SE_mysql.Posttypes.Id",SessionLog!$F$2:$F$309,"M") | S4: =COUNTIFS(SessionLog!$B$2:$B$309,$A4,SessionLog!$E$2:$E$309,"SE_mysql.Posttypes.Id",SessionLog!$F$2:$F$309,"P") | T4: =COUNTIFS(SessionLog!$B$2:$B$309,$A4,SessionLog!$E$2:$E$309,"SE_mysql.Posttypes.Name",SessionLog!$F$2:$F$309,"M") | U4: =COUNTIFS(SessionLog!$B$2:$B$309,$A4,SessionLog!$E$2:$E$309,"SE_mysql.Posttypes.Name",SessionLog!$F$2:$F$309,"P") | V4: =COUNTIFS(SessionLog!$B$2:$B$309,$A4,SessionLog!$E$2:$E$309,"SE_mysql.Users.Id",SessionLog!$F$2:$F$309,"M") | W4: =COUNTIFS(SessionLog!$B$2:$B$309,$A4,SessionLog!$E$2:$E$309,"SE_mysql.Users.Id",SessionLog!$F$2:$F$309,"P") | X4: =COUNTIFS(SessionLog!$B$2:$B$309,$A4,SessionLog!$E$2:$E$309,"SE_mysql.Users.Views",SessionLog!$F$2:$F$309,"M") | Y4: =COUNTIFS(SessionLog!$B$2:$B$309,$A4,SessionLog!$E$2:$E$309,"SE_mysql.Users.Views",SessionLog!$F$2:$F$309,"P") | Z4: =COUNTIFS(SessionLog!$B$2:$B$309,$A4,SessionLog!$E$2:$E$309,"SE_mysql.Users.UpVotes",SessionLog!$F$2:$F$309,"M") | AA4: =COUNTIFS(SessionLog!$B$2:$B$309,$A4,SessionLog!$E$2:$E$309,"SE_mysql.Users.UpVotes",SessionLog!$F$2:$F$309,"P") | AB4: =COUNTIFS(SessionLog!$B$2:$B$309,$A4,SessionLog!$E$2:$E$309,"SE_mysql.Users.DisplayName",SessionLog!$F$2:$F$309,"M") | AC4: =COUNTIFS(SessionLog!$B$2:$B$309,$A4,SessionLog!$E$2:$E$309,"SE_mysql.Users.DisplayName",SessionLog!$F$2:$F$309,"P") | AD4: =COUNTIFS(SessionLog!$B$2:$B$309,$A4,SessionLog!$E$2:$E$309,"SE_mysql.Users.DownVotes",SessionLog!$F$2:$F$309,"M") | AE4: =COUNTIFS(SessionLog!$B$2:$B$309,$A4,SessionLog!$E$2:$E$309,"SE_mysql.Users.DownVotes",SessionLog!$F$2:$F$309,"P") | AF4: =COUNTIFS(SessionLog!$B$2:$B$309,$A4,SessionLog!$E$2:$E$309,"SE_mysql.Users.LastAccessDate",SessionLog!$F$2:$F$309,"M") | AG4: =COUNTIFS(SessionLog!$B$2:$B$309,$A4,SessionLog!$E$2:$E$309,"SE_mysql.Users.LastAccessDate",SessionLog!$F$2:$F$309,"P") | AH4: =COUNTIFS(SessionLog!$B$2:$B$309,$A4,SessionLog!$E$2:$E$309,"SE_mysql.Users.Reputation",SessionLog!$F$2:$F$309,"M") | AI4: =COUNTIFS(SessionLog!$B$2:$B$309,$A4,SessionLog!$E$2:$E$309,"SE_mysql.Users.Reputation",SessionLog!$F$2:$F$309,"P") | AJ4: =COUNTIFS(SessionLog!$B$2:$B$309,$A4,SessionLog!$E$2:$E$309,"SE_mysql.Flagtypes.Id",SessionLog!$F$2:$F$309,"M") | AK4: =COUNTIFS(SessionLog!$B$2:$B$309,$A4,SessionLog!$E$2:$E$309,"SE_mysql.Flagtypes.Id",SessionLog!$F$2:$F$309,"P") | AL4: =COUNTIFS(SessionLog!$B$2:$B$309,$A4,SessionLog!$E$2:$E$309,"SE_mysql.Flagtypes.Name",SessionLog!$F$2:$F$309,"M") | AM4: =COUNTIFS(SessionLog!$B$2:$B$309,$A4,SessionLog!$E$2:$E$309,"SE_mysql.Flagtypes.Name",SessionLog!$F$2:$F$309,"P") | AN4: =COUNTIFS(SessionLog!$B$2:$B$309,$A4,SessionLog!$E$2:$E$309,"SE_mysql.Votes.Id",SessionLog!$F$2:$F$309,"M") | AO4: =COUNTIFS(SessionLog!$B$2:$B$309,$A4,SessionLog!$E$2:$E$309,"SE_mysql.Votes.Id",SessionLog!$F$2:$F$309,"P") | AP4: =COUNTIFS(SessionLog!$B$2:$B$309,$A4,SessionLog!$E$2:$E$309,"SE_mysql.Votes.UserId",SessionLog!$F$2:$F$309,"M") | AQ4: =COUNTIFS(SessionLog!$B$2:$B$309,$A4,SessionLog!$E$2:$E$309,"SE_mysql.Votes.UserId",SessionLog!$F$2:$F$309,"P") | AR4: =COUNTIFS(SessionLog!$B$2:$B$309,$A4,SessionLog!$E$2:$E$309,"SE_mysql.Votes.BountyAmount",SessionLog!$F$2:$F$309,"M") | AS4: =COUNTIFS(SessionLog!$B$2:$B$309,$A4,SessionLog!$E$2:$E$309,"SE_mysql.Votes.BountyAmount",SessionLog!$F$2:$F$309,"P") | AT4: =COUNTIFS(SessionLog!$B$2:$B$309,$A4,SessionLog!$E$2:$E$309,"SE_mysql.Votes.CreationDate",SessionLog!$F$2:$F$309,"M") | AU4: =COUNTIFS(SessionLog!$B$2:$B$309,$A4,SessionLog!$E$2:$E$309,"SE_mysql.Votes.CreationDate",SessionLog!$F$2:$F$309,"P") | AV4: =COUNTIFS(SessionLog!$B$2:$B$309,$A4,SessionLog!$E$2:$E$309,"SE_mysql.Votes.PostId",SessionLog!$F$2:$F$309,"M") | AW4: =COUNTIFS(SessionLog!$B$2:$B$309,$A4,SessionLog!$E$2:$E$309,"SE_mysql.Votes.PostId",SessionLog!$F$2:$F$309,"P") | AX4: =COUNTIFS(SessionLog!$B$2:$B$309,$A4,SessionLog!$E$2:$E$309,"SE_mysql.Votes.VoteTypeId",SessionLog!$F$2:$F$309,"M") | AY4: =COUNTIFS(SessionLog!$B$2:$B$309,$A4,SessionLog!$E$2:$E$309,"SE_mysql.Votes.VoteTypeId",SessionLog!$F$2:$F$309,"P") | AZ4: =COUNTIFS(SessionLog!$B$2:$B$309,$A4,SessionLog!$E$2:$E$309,"SE_mysql.Votetypes.Id",SessionLog!$F$2:$F$309,"M") | BA4: =COUNTIFS(SessionLog!$B$2:$B$309,$A4,SessionLog!$E$2:$E$309,"SE_mysql.Votetypes.Id",SessionLog!$F$2:$F$309,"P") | BB4: =COUNTIFS(SessionLog!$B$2:$B$309,$A4,SessionLog!$E$2:$E$309,"SE_mysql.Votetypes.Name",SessionLog!$F$2:$F$309,"M") | BC4: =COUNTIFS(SessionLog!$B$2:$B$309,$A4,SessionLog!$E$2:$E$309,"SE_mysql.Votetypes.Name",SessionLog!$F$2:$F$309,"P") | BD4: =COUNTIFS(SessionLog!$B$2:$B$309,$A4,SessionLog!$E$2:$E$309,"SE_mongodb.Badges.Id",SessionLog!$F$2:$F$309,"M") | BE4: =COUNTIFS(SessionLog!$B$2:$B$309,$A4,SessionLog!$E$2:$E$309,"SE_mongodb.Badges.Id",SessionLog!$F$2:$F$309,"P") | BF4: =COUNTIFS(SessionLog!$B$2:$B$309,$A4,SessionLog!$E$2:$E$309,"SE_mongodb.Badges.UserId",SessionLog!$F$2:$F$309,"M") | BG4: =COUNTIFS(SessionLog!$B$2:$B$309,$A4,SessionLog!$E$2:$E$309,"SE_mongodb.Badges.UserId",SessionLog!$F$2:$F$309,"P") | BH4: =COUNTIFS(SessionLog!$B$2:$B$309,$A4,SessionLog!$E$2:$E$309,"SE_mongodb.Badges.Name",SessionLog!$F$2:$F$309,"M") | BI4: =COUNTIFS(SessionLog!$B$2:$B$309,$A4,SessionLog!$E$2:$E$309,"SE_mongodb.Badges.Name",SessionLog!$F$2:$F$309,"P") | BJ4: =COUNTIFS(SessionLog!$B$2:$B$309,$A4,SessionLog!$E$2:$E$309,"SE_mongodb.Badges.Date",SessionLog!$F$2:$F$309,"M") | BK4: =COUNTIFS(SessionLog!$B$2:$B$309,$A4,SessionLog!$E$2:$E$309,"SE_mongodb.Badges.Date",SessionLog!$F$2:$F$309,"P") | BL4: =COUNTIFS(SessionLog!$B$2:$B$309,$A4,SessionLog!$E$2:$E$309,"SE_mongodb.Posts.Id",SessionLog!$F$2:$F$309,"M") | BM4: =COUNTIFS(SessionLog!$B$2:$B$309,$A4,SessionLog!$E$2:$E$309,"SE_mongodb.Posts.Id",SessionLog!$F$2:$F$309,"P") | BN4: =COUNTIFS(SessionLog!$B$2:$B$309,$A4,SessionLog!$E$2:$E$309,"SE_mongodb.Posts.Tags",SessionLog!$F$2:$F$309,"M") | BO4: =COUNTIFS(SessionLog!$B$2:$B$309,$A4,SessionLog!$E$2:$E$309,"SE_mongodb.Posts.Tags",SessionLog!$F$2:$F$309,"P") | BP4: =COUNTIFS(SessionLog!$B$2:$B$309,$A4,SessionLog!$E$2:$E$309,"SE_mongodb.Posts.Body",SessionLog!$F$2:$F$309,"M") | BQ4: =COUNTIFS(SessionLog!$B$2:$B$309,$A4,SessionLog!$E$2:$E$309,"SE_mongodb.Posts.Body",SessionLog!$F$2:$F$309,"P") | BR4: =COUNTIFS(SessionLog!$B$2:$B$309,$A4,SessionLog!$E$2:$E$309,"SE_mongodb.Users.Id",SessionLog!$F$2:$F$309,"M") | BS4: =COUNTIFS(SessionLog!$B$2:$B$309,$A4,SessionLog!$E$2:$E$309,"SE_mongodb.Users.Id",SessionLog!$F$2:$F$309,"P") | BT4: =COUNTIFS(SessionLog!$B$2:$B$309,$A4,SessionLog!$E$2:$E$309,"SE_mongodb.Users.DisplayName",SessionLog!$F$2:$F$309,"M") | BU4: =COUNTIFS(SessionLog!$B$2:$B$309,$A4,SessionLog!$E$2:$E$309,"SE_mongodb.Users.DisplayName",SessionLog!$F$2:$F$309,"P") | BV4: =COUNTIFS(SessionLog!$B$2:$B$309,$A4,SessionLog!$E$2:$E$309,"SE_mongodb.Users.AboutMe",SessionLog!$F$2:$F$309,"M") | BW4: =COUNTIFS(SessionLog!$B$2:$B$309,$A4,SessionLog!$E$2:$E$309,"SE_mongodb.Users.AboutMe",SessionLog!$F$2:$F$309,"P") | BX4: =COUNTIFS(SessionLog!$B$2:$B$309,$A4,SessionLog!$E$2:$E$309,"SE_mongodb.Comments.Id",SessionLog!$F$2:$F$309,"M") | BY4: =COUNTIFS(SessionLog!$B$2:$B$309,$A4,SessionLog!$E$2:$E$309,"SE_mongodb.Comments.Id",SessionLog!$F$2:$F$309,"P") | BZ4: =COUNTIFS(SessionLog!$B$2:$B$309,$A4,SessionLog!$E$2:$E$309,"SE_mongodb.Comments.UserId",SessionLog!$F$2:$F$309,"M") | CA4: =COUNTIFS(SessionLog!$B$2:$B$309,$A4,SessionLog!$E$2:$E$309,"SE_mongodb.Comments.UserId",SessionLog!$F$2:$F$309,"P") | CB4: =COUNTIFS(SessionLog!$B$2:$B$309,$A4,SessionLog!$E$2:$E$309,"SE_mongodb.Comments.Text",SessionLog!$F$2:$F$309,"M") | CC4: =COUNTIFS(SessionLog!$B$2:$B$309,$A4,SessionLog!$E$2:$E$309,"SE_mongodb.Comments.Text",SessionLog!$F$2:$F$309,"P") | CD4: =COUNTIFS(SessionLog!$B$2:$B$309,$A4,SessionLog!$E$2:$E$309,"SE_mongodb.Comments.PostId",SessionLog!$F$2:$F$309,"M") | CE4: =COUNTIFS(SessionLog!$B$2:$B$309,$A4,SessionLog!$E$2:$E$309,"SE_mongodb.Comments.PostId",SessionLog!$F$2:$F$309,"P") | CF4: =COUNTIFS(SessionLog!$B$2:$B$309,$A4,SessionLog!$E$2:$E$309,"SE_neo4j.postlinks.id",SessionLog!$F$2:$F$309,"M") | CG4: =COUNTIFS(SessionLog!$B$2:$B$309,$A4,SessionLog!$E$2:$E$309,"SE_neo4j.postlinks.id",SessionLog!$F$2:$F$309,"P") | CH4: =COUNTIFS(SessionLog!$B$2:$B$309,$A4,SessionLog!$E$2:$E$309,"SE_neo4j.postlinks.LinkTypeId",SessionLog!$F$2:$F$309,"M") | CI4: =COUNTIFS(SessionLog!$B$2:$B$309,$A4,SessionLog!$E$2:$E$309,"SE_neo4j.postlinks.LinkTypeId",SessionLog!$F$2:$F$309,"P") | CJ4: =COUNTIFS(SessionLog!$B$2:$B$309,$A4,SessionLog!$E$2:$E$309,"SE_neo4j.postlinks.RelatedPostId",SessionLog!$F$2:$F$309,"M") | CK4: =COUNTIFS(SessionLog!$B$2:$B$309,$A4,SessionLog!$E$2:$E$309,"SE_neo4j.postlinks.RelatedPostId",SessionLog!$F$2:$F$309,"P") | CL4: =COUNTIFS(SessionLog!$B$2:$B$309,$A4,SessionLog!$E$2:$E$309,"SE_neo4j.postlinks.PostIdd",SessionLog!$F$2:$F$309,"M") | CM4: =COUNTIFS(SessionLog!$B$2:$B$309,$A4,SessionLog!$E$2:$E$309,"SE_neo4j.postlinks.PostIdd",SessionLog!$F$2:$F$309,"P") | CN4: =COUNTIFS(SessionLog!$B$2:$B$309,$A4,SessionLog!$E$2:$E$309,"SE_neo4j.postlinks.CreationDate",SessionLog!$F$2:$F$309,"M") | CO4: =COUNTIFS(SessionLog!$B$2:$B$309,$A4,SessionLog!$E$2:$E$309,"SE_neo4j.postlinks.CreationDate",SessionLog!$F$2:$F$309,"P") | CP4: =COUNTIFS(SessionLog!$B$2:$B$309,$A4,SessionLog!$E$2:$E$309,"SE_neo4j.Posts.id",SessionLog!$F$2:$F$309,"M") | CQ4: =COUNTIFS(SessionLog!$B$2:$B$309,$A4,SessionLog!$E$2:$E$309,"SE_neo4j.Posts.id",SessionLog!$F$2:$F$309,"P") | CR4: =COUNTIFS(SessionLog!$B$2:$B$309,$A4,SessionLog!$E$2:$E$309,"SE_neo4j.Posts.posttypeid",SessionLog!$F$2:$F$309,"M") | CS4: =COUNTIFS(SessionLog!$B$2:$B$309,$A4,SessionLog!$E$2:$E$309,"SE_neo4j.Posts.posttypeid",SessionLog!$F$2:$F$309,"P") | CT4: =COUNTIFS(SessionLog!$B$2:$B$309,$A4,SessionLog!$E$2:$E$309,"SE_neo4j.Posts.parentid",SessionLog!$F$2:$F$309,"M") | CU4: =COUNTIFS(SessionLog!$B$2:$B$309,$A4,SessionLog!$E$2:$E$309,"SE_neo4j.Posts.parentid",SessionLog!$F$2:$F$309,"P") | CV4: =COUNTIFS(SessionLog!$B$2:$B$309,$A4,SessionLog!$E$2:$E$309,"SE_neo4j.Posts.owneruserid",SessionLog!$F$2:$F$309,"M") | CW4: =COUNTIFS(SessionLog!$B$2:$B$309,$A4,SessionLog!$E$2:$E$309,"SE_neo4j.Posts.owneruserid",SessionLog!$F$2:$F$309,"P") | CX4: =COUNTIFS(SessionLog!$B$2:$B$309,$A4,SessionLog!$E$2:$E$309,"SE_neo4j.Posts.acceptedanswerid",SessionLog!$F$2:$F$309,"M") | CY4: =COUNTIFS(SessionLog!$B$2:$B$309,$A4,SessionLog!$E$2:$E$309,"SE_neo4j.Posts.acceptedanswerid",SessionLog!$F$2:$F$309,"P") | CZ4: =COUNTIFS(SessionLog!$B$2:$B$309,$A4,SessionLog!$E$2:$E$309,"SE_neo4j.Comments.id",SessionLog!$F$2:$F$309,"M") | DA4: =COUNTIFS(SessionLog!$B$2:$B$309,$A4,SessionLog!$E$2:$E$309,"SE_neo4j.Comments.id",SessionLog!$F$2:$F$309,"P") | DB4: =COUNTIFS(SessionLog!$B$2:$B$309,$A4,SessionLog!$E$2:$E$309,"SE_neo4j.Comments.creationdate",SessionLog!$F$2:$F$309,"M") | DC4: =COUNTIFS(SessionLog!$B$2:$B$309,$A4,SessionLog!$E$2:$E$309,"SE_neo4j.Comments.creationdate",SessionLog!$F$2:$F$309,"P") | DD4: =COUNTIFS(SessionLog!$B$2:$B$309,$A4,SessionLog!$E$2:$E$309,"SE_neo4j.Comments.score",SessionLog!$F$2:$F$309,"M") | DE4: =COUNTIFS(SessionLog!$B$2:$B$309,$A4,SessionLog!$E$2:$E$309,"SE_neo4j.Comments.score",SessionLog!$F$2:$F$309,"P") | DF4: =COUNTIFS(SessionLog!$B$2:$B$309,$A4,SessionLog!$E$2:$E$309,"SE_neo4j.Users.id",SessionLog!$F$2:$F$309,"M") | DG4: =COUNTIFS(SessionLog!$B$2:$B$309,$A4,SessionLog!$E$2:$E$309,"SE_neo4j.Users.id",SessionLog!$F$2:$F$309,"P") | DH4: =COUNTIFS(SessionLog!$B$2:$B$309,$A4,SessionLog!$E$2:$E$309,"SE_neo4j.Users.accountid",SessionLog!$F$2:$F$309,"M") | DI4: =COUNTIFS(SessionLog!$B$2:$B$309,$A4,SessionLog!$E$2:$E$309,"SE_neo4j.Users.accountid",SessionLog!$F$2:$F$309,"P") | DJ4: =COUNTIFS(SessionLog!$B$2:$B$309,$A4,SessionLog!$E$2:$E$309,"SE_neo4j.Users.displayname",SessionLog!$F$2:$F$309,"M") | DK4: =COUNTIFS(SessionLog!$B$2:$B$309,$A4,SessionLog!$E$2:$E$309,"SE_neo4j.Users.displayname",SessionLog!$F$2:$F$309,"P") | DL4: =COUNTIFS(SessionLog!$B$2:$B$309,$A4,SessionLog!$E$2:$E$309,"SE_neo4j.Users.creationdate",SessionLog!$F$2:$F$309,"M") | DM4: =COUNTIFS(SessionLog!$B$2:$B$309,$A4,SessionLog!$E$2:$E$309,"SE_neo4j.Users.creationdate",SessionLog!$F$2:$F$309,"P") | DN4: =COUNTIFS(SessionLog!$B$2:$B$309,$A4,SessionLog!$E$2:$E$309,"SE_neo4j.Tags.id",SessionLog!$F$2:$F$309,"M") | DO4: =COUNTIFS(SessionLog!$B$2:$B$309,$A4,SessionLog!$E$2:$E$309,"SE_neo4j.Tags.id",SessionLog!$F$2:$F$309,"P") | DP4: =COUNTIFS(SessionLog!$B$2:$B$309,$A4,SessionLog!$E$2:$E$309,"SE_neo4j.Tags.count",SessionLog!$F$2:$F$309,"M") | DQ4: =COUNTIFS(SessionLog!$B$2:$B$309,$A4,SessionLog!$E$2:$E$309,"SE_neo4j.Tags.count",SessionLog!$F$2:$F$309,"P") | DR4: =COUNTIFS(SessionLog!$B$2:$B$309,$A4,SessionLog!$E$2:$E$309,"SE_neo4j.Tags.wikipostid",SessionLog!$F$2:$F$309,"M") | DS4: =COUNTIFS(SessionLog!$B$2:$B$309,$A4,SessionLog!$E$2:$E$309,"SE_neo4j.Tags.wikipostid",SessionLog!$F$2:$F$309,"P") | DT4: =COUNTIFS(SessionLog!$B$2:$B$309,$A4,SessionLog!$E$2:$E$309,"SE_neo4j.Tags.tagname",SessionLog!$F$2:$F$309,"M") | DU4: =COUNTIFS(SessionLog!$B$2:$B$309,$A4,SessionLog!$E$2:$E$309,"SE_neo4j.Tags.tagname",SessionLog!$F$2:$F$309,"P") | DV4: =COUNTIFS(SessionLog!$B$2:$B$309,$A4,SessionLog!$E$2:$E$309,"SE_neo4j.Tags.excerptpostid",SessionLog!$F$2:$F$309,"M") | DW4: =COUNTIFS(SessionLog!$B$2:$B$309,$A4,SessionLog!$E$2:$E$309,"SE_neo4j.Tags.excerptpostid",SessionLog!$F$2:$F$309,"P")
A5: B1 | B5: =COUNTIFS(SessionLog!$B$2:$B$309,$A5,SessionLog!$E$2:$E$309,"SE_mysql.postes.Id",SessionLog!$F$2:$F$309,"M") | C5: =COUNTIFS(SessionLog!$B$2:$B$309,$A5,SessionLog!$E$2:$E$309,"SE_mysql.postes.Id",SessionLog!$F$2:$F$309,"P") | D5: =COUNTIFS(SessionLog!$B$2:$B$309,$A5,SessionLog!$E$2:$E$309,"SE_mysql.postes.PostTypeId",SessionLog!$F$2:$F$309,"M") | E5: =COUNTIFS(SessionLog!$B$2:$B$309,$A5,SessionLog!$E$2:$E$309,"SE_mysql.postes.PostTypeId",SessionLog!$F$2:$F$309,"P") | F5: =COUNTIFS(SessionLog!$B$2:$B$309,$A5,SessionLog!$E$2:$E$309,"SE_mysql.postes.Title",SessionLog!$F$2:$F$309,"M") | G5: =COUNTIFS(SessionLog!$B$2:$B$309,$A5,SessionLog!$E$2:$E$309,"SE_mysql.postes.Title",SessionLog!$F$2:$F$309,"P") | H5: =COUNTIFS(SessionLog!$B$2:$B$309,$A5,SessionLog!$E$2:$E$309,"SE_mysql.postes.OwnerUserId",SessionLog!$F$2:$F$309,"M") | I5: =COUNTIFS(SessionLog!$B$2:$B$309,$A5,SessionLog!$E$2:$E$309,"SE_mysql.postes.OwnerUserId",SessionLog!$F$2:$F$309,"P") | J5: =COUNTIFS(SessionLog!$B$2:$B$309,$A5,SessionLog!$E$2:$E$309,"SE_mysql.postes.ViewCount",SessionLog!$F$2:$F$309,"M") | K5: =COUNTIFS(SessionLog!$B$2:$B$309,$A5,SessionLog!$E$2:$E$309,"SE_mysql.postes.ViewCount",SessionLog!$F$2:$F$309,"P") | L5: =COUNTIFS(SessionLog!$B$2:$B$309,$A5,SessionLog!$E$2:$E$309,"SE_mysql.postes.LastEditDate",SessionLog!$F$2:$F$309,"M") | M5: =COUNTIFS(SessionLog!$B$2:$B$309,$A5,SessionLog!$E$2:$E$309,"SE_mysql.postes.LastEditDate",SessionLog!$F$2:$F$309,"P") | N5: =COUNTIFS(SessionLog!$B$2:$B$309,$A5,SessionLog!$E$2:$E$309,"SE_mysql.postes.LastEditorUserId",SessionLog!$F$2:$F$309,"M") | O5: =COUNTIFS(SessionLog!$B$2:$B$309,$A5,SessionLog!$E$2:$E$309,"SE_mysql.postes.LastEditorUserId",SessionLog!$F$2:$F$309,"P") | P5: =COUNTIFS(SessionLog!$B$2:$B$309,$A5,SessionLog!$E$2:$E$309,"SE_mysql.postes.CreationDate",SessionLog!$F$2:$F$309,"M") | Q5: =COUNTIFS(SessionLog!$B$2:$B$309,$A5,SessionLog!$E$2:$E$309,"SE_mysql.postes.CreationDate",SessionLog!$F$2:$F$309,"P") | R5: =COUNTIFS(SessionLog!$B$2:$B$309,$A5,SessionLog!$E$2:$E$309,"SE_mysql.Posttypes.Id",SessionLog!$F$2:$F$309,"M") | S5: =COUNTIFS(SessionLog!$B$2:$B$309,$A5,SessionLog!$E$2:$E$309,"SE_mysql.Posttypes.Id",SessionLog!$F$2:$F$309,"P") | T5: =COUNTIFS(SessionLog!$B$2:$B$309,$A5,SessionLog!$E$2:$E$309,"SE_mysql.Posttypes.Name",SessionLog!$F$2:$F$309,"M") | U5: =COUNTIFS(SessionLog!$B$2:$B$309,$A5,SessionLog!$E$2:$E$309,"SE_mysql.Posttypes.Name",SessionLog!$F$2:$F$309,"P") | V5: =COUNTIFS(SessionLog!$B$2:$B$309,$A5,SessionLog!$E$2:$E$309,"SE_mysql.Users.Id",SessionLog!$F$2:$F$309,"M") | W5: =COUNTIFS(SessionLog!$B$2:$B$309,$A5,SessionLog!$E$2:$E$309,"SE_mysql.Users.Id",SessionLog!$F$2:$F$309,"P") | X5: =COUNTIFS(SessionLog!$B$2:$B$309,$A5,SessionLog!$E$2:$E$309,"SE_mysql.Users.Views",SessionLog!$F$2:$F$309,"M") | Y5: =COUNTIFS(SessionLog!$B$2:$B$309,$A5,SessionLog!$E$2:$E$309,"SE_mysql.Users.Views",SessionLog!$F$2:$F$309,"P") | Z5: =COUNTIFS(SessionLog!$B$2:$B$309,$A5,SessionLog!$E$2:$E$309,"SE_mysql.Users.UpVotes",SessionLog!$F$2:$F$309,"M") | AA5: =COUNTIFS(SessionLog!$B$2:$B$309,$A5,SessionLog!$E$2:$E$309,"SE_mysql.Users.UpVotes",SessionLog!$F$2:$F$309,"P") | AB5: =COUNTIFS(SessionLog!$B$2:$B$309,$A5,SessionLog!$E$2:$E$309,"SE_mysql.Users.DisplayName",SessionLog!$F$2:$F$309,"M") | AC5: =COUNTIFS(SessionLog!$B$2:$B$309,$A5,SessionLog!$E$2:$E$309,"SE_mysql.Users.DisplayName",SessionLog!$F$2:$F$309,"P") | AD5: =COUNTIFS(SessionLog!$B$2:$B$309,$A5,SessionLog!$E$2:$E$309,"SE_mysql.Users.DownVotes",SessionLog!$F$2:$F$309,"M") | AE5: =COUNTIFS(SessionLog!$B$2:$B$309,$A5,SessionLog!$E$2:$E$309,"SE_mysql.Users.DownVotes",SessionLog!$F$2:$F$309,"P") | AF5: =COUNTIFS(SessionLog!$B$2:$B$309,$A5,SessionLog!$E$2:$E$309,"SE_mysql.Users.LastAccessDate",SessionLog!$F$2:$F$309,"M") | AG5: =COUNTIFS(SessionLog!$B$2:$B$309,$A5,SessionLog!$E$2:$E$309,"SE_mysql.Users.LastAccessDate",SessionLog!$F$2:$F$309,"P") | AH5: =COUNTIFS(SessionLog!$B$2:$B$309,$A5,SessionLog!$E$2:$E$309,"SE_mysql.Users.Reputation",SessionLog!$F$2:$F$309,"M") | AI5: =COUNTIFS(SessionLog!$B$2:$B$309,$A5,SessionLog!$E$2:$E$309,"SE_mysql.Users.Reputation",SessionLog!$F$2:$F$309,"P") | AJ5: =COUNTIFS(SessionLog!$B$2:$B$309,$A5,SessionLog!$E$2:$E$309,"SE_mysql.Flagtypes.Id",SessionLog!$F$2:$F$309,"M") | AK5: =COUNTIFS(SessionLog!$B$2:$B$309,$A5,SessionLog!$E$2:$E$309,"SE_mysql.Flagtypes.Id",SessionLog!$F$2:$F$309,"P") | AL5: =COUNTIFS(SessionLog!$B$2:$B$309,$A5,SessionLog!$E$2:$E$309,"SE_mysql.Flagtypes.Name",SessionLog!$F$2:$F$309,"M") | AM5: =COUNTIFS(SessionLog!$B$2:$B$309,$A5,SessionLog!$E$2:$E$309,"SE_mysql.Flagtypes.Name",SessionLog!$F$2:$F$309,"P") | AN5: =COUNTIFS(SessionLog!$B$2:$B$309,$A5,SessionLog!$E$2:$E$309,"SE_mysql.Votes.Id",SessionLog!$F$2:$F$309,"M") | AO5: =COUNTIFS(SessionLog!$B$2:$B$309,$A5,SessionLog!$E$2:$E$309,"SE_mysql.Votes.Id",SessionLog!$F$2:$F$309,"P") | AP5: =COUNTIFS(SessionLog!$B$2:$B$309,$A5,SessionLog!$E$2:$E$309,"SE_mysql.Votes.UserId",SessionLog!$F$2:$F$309,"M") | AQ5: =COUNTIFS(SessionLog!$B$2:$B$309,$A5,SessionLog!$E$2:$E$309,"SE_mysql.Votes.UserId",SessionLog!$F$2:$F$309,"P") | AR5: =COUNTIFS(SessionLog!$B$2:$B$309,$A5,SessionLog!$E$2:$E$309,"SE_mysql.Votes.BountyAmount",SessionLog!$F$2:$F$309,"M") | AS5: =COUNTIFS(SessionLog!$B$2:$B$309,$A5,SessionLog!$E$2:$E$309,"SE_mysql.Votes.BountyAmount",SessionLog!$F$2:$F$309,"P") | AT5: =COUNTIFS(SessionLog!$B$2:$B$309,$A5,SessionLog!$E$2:$E$309,"SE_mysql.Votes.CreationDate",SessionLog!$F$2:$F$309,"M") | AU5: =COUNTIFS(SessionLog!$B$2:$B$309,$A5,SessionLog!$E$2:$E$309,"SE_mysql.Votes.CreationDate",SessionLog!$F$2:$F$309,"P") | AV5: =COUNTIFS(SessionLog!$B$2:$B$309,$A5,SessionLog!$E$2:$E$309,"SE_mysql.Votes.PostId",SessionLog!$F$2:$F$309,"M") | AW5: =COUNTIFS(SessionLog!$B$2:$B$309,$A5,SessionLog!$E$2:$E$309,"SE_mysql.Votes.PostId",SessionLog!$F$2:$F$309,"P") | AX5: =COUNTIFS(SessionLog!$B$2:$B$309,$A5,SessionLog!$E$2:$E$309,"SE_mysql.Votes.VoteTypeId",SessionLog!$F$2:$F$309,"M") | AY5: =COUNTIFS(SessionLog!$B$2:$B$309,$A5,SessionLog!$E$2:$E$309,"SE_mysql.Votes.VoteTypeId",SessionLog!$F$2:$F$309,"P") | AZ5: =COUNTIFS(SessionLog!$B$2:$B$309,$A5,SessionLog!$E$2:$E$309,"SE_mysql.Votetypes.Id",SessionLog!$F$2:$F$309,"M") | BA5: =COUNTIFS(SessionLog!$B$2:$B$309,$A5,SessionLog!$E$2:$E$309,"SE_mysql.Votetypes.Id",SessionLog!$F$2:$F$309,"P") | BB5: =COUNTIFS(SessionLog!$B$2:$B$309,$A5,SessionLog!$E$2:$E$309,"SE_mysql.Votetypes.Name",SessionLog!$F$2:$F$309,"M") | BC5: =COUNTIFS(SessionLog!$B$2:$B$309,$A5,SessionLog!$E$2:$E$309,"SE_mysql.Votetypes.Name",SessionLog!$F$2:$F$309,"P") | BD5: =COUNTIFS(SessionLog!$B$2:$B$309,$A5,SessionLog!$E$2:$E$309,"SE_mongodb.Badges.Id",SessionLog!$F$2:$F$309,"M") | BE5: =COUNTIFS(SessionLog!$B$2:$B$309,$A5,SessionLog!$E$2:$E$309,"SE_mongodb.Badges.Id",SessionLog!$F$2:$F$309,"P") | BF5: =COUNTIFS(SessionLog!$B$2:$B$309,$A5,SessionLog!$E$2:$E$309,"SE_mongodb.Badges.UserId",SessionLog!$F$2:$F$309,"M") | BG5: =COUNTIFS(SessionLog!$B$2:$B$309,$A5,SessionLog!$E$2:$E$309,"SE_mongodb.Badges.UserId",SessionLog!$F$2:$F$309,"P") | BH5: =COUNTIFS(SessionLog!$B$2:$B$309,$A5,SessionLog!$E$2:$E$309,"SE_mongodb.Badges.Name",SessionLog!$F$2:$F$309,"M") | BI5: =COUNTIFS(SessionLog!$B$2:$B$309,$A5,SessionLog!$E$2:$E$309,"SE_mongodb.Badges.Name",SessionLog!$F$2:$F$309,"P") | BJ5: =COUNTIFS(SessionLog!$B$2:$B$309,$A5,SessionLog!$E$2:$E$309,"SE_mongodb.Badges.Date",SessionLog!$F$2:$F$309,"M") | BK5: =COUNTIFS(SessionLog!$B$2:$B$309,$A5,SessionLog!$E$2:$E$309,"SE_mongodb.Badges.Date",SessionLog!$F$2:$F$309,"P") | BL5: =COUNTIFS(SessionLog!$B$2:$B$309,$A5,SessionLog!$E$2:$E$309,"SE_mongodb.Posts.Id",SessionLog!$F$2:$F$309,"M") | BM5: =COUNTIFS(SessionLog!$B$2:$B$309,$A5,SessionLog!$E$2:$E$309,"SE_mongodb.Posts.Id",SessionLog!$F$2:$F$309,"P") | BN5: =COUNTIFS(SessionLog!$B$2:$B$309,$A5,SessionLog!$E$2:$E$309,"SE_mongodb.Posts.Tags",SessionLog!$F$2:$F$309,"M") | BO5: =COUNTIFS(SessionLog!$B$2:$B$309,$A5,SessionLog!$E$2:$E$309,"SE_mongodb.Posts.Tags",SessionLog!$F$2:$F$309,"P") | BP5: =COUNTIFS(SessionLog!$B$2:$B$309,$A5,SessionLog!$E$2:$E$309,"SE_mongodb.Posts.Body",SessionLog!$F$2:$F$309,"M") | BQ5: =COUNTIFS(SessionLog!$B$2:$B$309,$A5,SessionLog!$E$2:$E$309,"SE_mongodb.Posts.Body",SessionLog!$F$2:$F$309,"P") | BR5: =COUNTIFS(SessionLog!$B$2:$B$309,$A5,SessionLog!$E$2:$E$309,"SE_mongodb.Users.Id",SessionLog!$F$2:$F$309,"M") | BS5: =COUNTIFS(SessionLog!$B$2:$B$309,$A5,SessionLog!$E$2:$E$309,"SE_mongodb.Users.Id",SessionLog!$F$2:$F$309,"P") | BT5: =COUNTIFS(SessionLog!$B$2:$B$309,$A5,SessionLog!$E$2:$E$309,"SE_mongodb.Users.DisplayName",SessionLog!$F$2:$F$309,"M") | BU5: =COUNTIFS(SessionLog!$B$2:$B$309,$A5,SessionLog!$E$2:$E$309,"SE_mongodb.Users.DisplayName",SessionLog!$F$2:$F$309,"P") | BV5: =COUNTIFS(SessionLog!$B$2:$B$309,$A5,SessionLog!$E$2:$E$309,"SE_mongodb.Users.AboutMe",SessionLog!$F$2:$F$309,"M") | BW5: =COUNTIFS(SessionLog!$B$2:$B$309,$A5,SessionLog!$E$2:$E$309,"SE_mongodb.Users.AboutMe",SessionLog!$F$2:$F$309,"P") | BX5: =COUNTIFS(SessionLog!$B$2:$B$309,$A5,SessionLog!$E$2:$E$309,"SE_mongodb.Comments.Id",SessionLog!$F$2:$F$309,"M") | BY5: =COUNTIFS(SessionLog!$B$2:$B$309,$A5,SessionLog!$E$2:$E$309,"SE_mongodb.Comments.Id",SessionLog!$F$2:$F$309,"P") | BZ5: =COUNTIFS(SessionLog!$B$2:$B$309,$A5,SessionLog!$E$2:$E$309,"SE_mongodb.Comments.UserId",SessionLog!$F$2:$F$309,"M") | CA5: =COUNTIFS(SessionLog!$B$2:$B$309,$A5,SessionLog!$E$2:$E$309,"SE_mongodb.Comments.UserId",SessionLog!$F$2:$F$309,"P") | CB5: =COUNTIFS(SessionLog!$B$2:$B$309,$A5,SessionLog!$E$2:$E$309,"SE_mongodb.Comments.Text",SessionLog!$F$2:$F$309,"M") | CC5: =COUNTIFS(SessionLog!$B$2:$B$309,$A5,SessionLog!$E$2:$E$309,"SE_mongodb.Comments.Text",SessionLog!$F$2:$F$309,"P") | CD5: =COUNTIFS(SessionLog!$B$2:$B$309,$A5,SessionLog!$E$2:$E$309,"SE_mongodb.Comments.PostId",SessionLog!$F$2:$F$309,"M") | CE5: =COUNTIFS(SessionLog!$B$2:$B$309,$A5,SessionLog!$E$2:$E$309,"SE_mongodb.Comments.PostId",SessionLog!$F$2:$F$309,"P") | CF5: =COUNTIFS(SessionLog!$B$2:$B$309,$A5,SessionLog!$E$2:$E$309,"SE_neo4j.postlinks.id",SessionLog!$F$2:$F$309,"M") | CG5: =COUNTIFS(SessionLog!$B$2:$B$309,$A5,SessionLog!$E$2:$E$309,"SE_neo4j.postlinks.id",SessionLog!$F$2:$F$309,"P") | CH5: =COUNTIFS(SessionLog!$B$2:$B$309,$A5,SessionLog!$E$2:$E$309,"SE_neo4j.postlinks.LinkTypeId",SessionLog!$F$2:$F$309,"M") | CI5: =COUNTIFS(SessionLog!$B$2:$B$309,$A5,SessionLog!$E$2:$E$309,"SE_neo4j.postlinks.LinkTypeId",SessionLog!$F$2:$F$309,"P") | CJ5: =COUNTIFS(SessionLog!$B$2:$B$309,$A5,SessionLog!$E$2:$E$309,"SE_neo4j.postlinks.RelatedPostId",SessionLog!$F$2:$F$309,"M") | CK5: =COUNTIFS(SessionLog!$B$2:$B$309,$A5,SessionLog!$E$2:$E$309,"SE_neo4j.postlinks.RelatedPostId",SessionLog!$F$2:$F$309,"P") | CL5: =COUNTIFS(SessionLog!$B$2:$B$309,$A5,SessionLog!$E$2:$E$309,"SE_neo4j.postlinks.PostIdd",SessionLog!$F$2:$F$309,"M") | CM5: =COUNTIFS(SessionLog!$B$2:$B$309,$A5,SessionLog!$E$2:$E$309,"SE_neo4j.postlinks.PostIdd",SessionLog!$F$2:$F$309,"P") | CN5: =COUNTIFS(SessionLog!$B$2:$B$309,$A5,SessionLog!$E$2:$E$309,"SE_neo4j.postlinks.CreationDate",SessionLog!$F$2:$F$309,"M") | CO5: =COUNTIFS(SessionLog!$B$2:$B$309,$A5,SessionLog!$E$2:$E$309,"SE_neo4j.postlinks.CreationDate",SessionLog!$F$2:$F$309,"P") | CP5: =COUNTIFS(SessionLog!$B$2:$B$309,$A5,SessionLog!$E$2:$E$309,"SE_neo4j.Posts.id",SessionLog!$F$2:$F$309,"M") | CQ5: =COUNTIFS(SessionLog!$B$2:$B$309,$A5,SessionLog!$E$2:$E$309,"SE_neo4j.Posts.id",SessionLog!$F$2:$F$309,"P") | CR5: =COUNTIFS(SessionLog!$B$2:$B$309,$A5,SessionLog!$E$2:$E$309,"SE_neo4j.Posts.posttypeid",SessionLog!$F$2:$F$309,"M") | CS5: =COUNTIFS(SessionLog!$B$2:$B$309,$A5,SessionLog!$E$2:$E$309,"SE_neo4j.Posts.posttypeid",SessionLog!$F$2:$F$309,"P") | CT5: =COUNTIFS(SessionLog!$B$2:$B$309,$A5,SessionLog!$E$2:$E$309,"SE_neo4j.Posts.parentid",SessionLog!$F$2:$F$309,"M") | CU5: =COUNTIFS(SessionLog!$B$2:$B$309,$A5,SessionLog!$E$2:$E$309,"SE_neo4j.Posts.parentid",SessionLog!$F$2:$F$309,"P") | CV5: =COUNTIFS(SessionLog!$B$2:$B$309,$A5,SessionLog!$E$2:$E$309,"SE_neo4j.Posts.owneruserid",SessionLog!$F$2:$F$309,"M") | CW5: =COUNTIFS(SessionLog!$B$2:$B$309,$A5,SessionLog!$E$2:$E$309,"SE_neo4j.Posts.owneruserid",SessionLog!$F$2:$F$309,"P") | CX5: =COUNTIFS(SessionLog!$B$2:$B$309,$A5,SessionLog!$E$2:$E$309,"SE_neo4j.Posts.acceptedanswerid",SessionLog!$F$2:$F$309,"M") | CY5: =COUNTIFS(SessionLog!$B$2:$B$309,$A5,SessionLog!$E$2:$E$309,"SE_neo4j.Posts.acceptedanswerid",SessionLog!$F$2:$F$309,"P") | CZ5: =COUNTIFS(SessionLog!$B$2:$B$309,$A5,SessionLog!$E$2:$E$309,"SE_neo4j.Comments.id",SessionLog!$F$2:$F$309,"M") | DA5: =COUNTIFS(SessionLog!$B$2:$B$309,$A5,SessionLog!$E$2:$E$309,"SE_neo4j.Comments.id",SessionLog!$F$2:$F$309,"P") | DB5: =COUNTIFS(SessionLog!$B$2:$B$309,$A5,SessionLog!$E$2:$E$309,"SE_neo4j.Comments.creationdate",SessionLog!$F$2:$F$309,"M") | DC5: =COUNTIFS(SessionLog!$B$2:$B$309,$A5,SessionLog!$E$2:$E$309,"SE_neo4j.Comments.creationdate",SessionLog!$F$2:$F$309,"P") | DD5: =COUNTIFS(SessionLog!$B$2:$B$309,$A5,SessionLog!$E$2:$E$309,"SE_neo4j.Comments.score",SessionLog!$F$2:$F$309,"M") | DE5: =COUNTIFS(SessionLog!$B$2:$B$309,$A5,SessionLog!$E$2:$E$309,"SE_neo4j.Comments.score",SessionLog!$F$2:$F$309,"P") | DF5: =COUNTIFS(SessionLog!$B$2:$B$309,$A5,SessionLog!$E$2:$E$309,"SE_neo4j.Users.id",SessionLog!$F$2:$F$309,"M") | DG5: =COUNTIFS(SessionLog!$B$2:$B$309,$A5,SessionLog!$E$2:$E$309,"SE_neo4j.Users.id",SessionLog!$F$2:$F$309,"P") | DH5: =COUNTIFS(SessionLog!$B$2:$B$309,$A5,SessionLog!$E$2:$E$309,"SE_neo4j.Users.accountid",SessionLog!$F$2:$F$309,"M") | DI5: =COUNTIFS(SessionLog!$B$2:$B$309,$A5,SessionLog!$E$2:$E$309,"SE_neo4j.Users.accountid",SessionLog!$F$2:$F$309,"P") | DJ5: =COUNTIFS(SessionLog!$B$2:$B$309,$A5,SessionLog!$E$2:$E$309,"SE_neo4j.Users.displayname",SessionLog!$F$2:$F$309,"M") | DK5: =COUNTIFS(SessionLog!$B$2:$B$309,$A5,SessionLog!$E$2:$E$309,"SE_neo4j.Users.displayname",SessionLog!$F$2:$F$309,"P") | DL5: =COUNTIFS(SessionLog!$B$2:$B$309,$A5,SessionLog!$E$2:$E$309,"SE_neo4j.Users.creationdate",SessionLog!$F$2:$F$309,"M") | DM5: =COUNTIFS(SessionLog!$B$2:$B$309,$A5,SessionLog!$E$2:$E$309,"SE_neo4j.Users.creationdate",SessionLog!$F$2:$F$309,"P") | DN5: =COUNTIFS(SessionLog!$B$2:$B$309,$A5,SessionLog!$E$2:$E$309,"SE_neo4j.Tags.id",SessionLog!$F$2:$F$309,"M") | DO5: =COUNTIFS(SessionLog!$B$2:$B$309,$A5,SessionLog!$E$2:$E$309,"SE_neo4j.Tags.id",SessionLog!$F$2:$F$309,"P") | DP5: =COUNTIFS(SessionLog!$B$2:$B$309,$A5,SessionLog!$E$2:$E$309,"SE_neo4j.Tags.count",SessionLog!$F$2:$F$309,"M") | DQ5: =COUNTIFS(SessionLog!$B$2:$B$309,$A5,SessionLog!$E$2:$E$309,"SE_neo4j.Tags.count",SessionLog!$F$2:$F$309,"P") | DR5: =COUNTIFS(SessionLog!$B$2:$B$309,$A5,SessionLog!$E$2:$E$309,"SE_neo4j.Tags.wikipostid",SessionLog!$F$2:$F$309,"M") | DS5: =COUNTIFS(SessionLog!$B$2:$B$309,$A5,SessionLog!$E$2:$E$309,"SE_neo4j.Tags.wikipostid",SessionLog!$F$2:$F$309,"P") | DT5: =COUNTIFS(SessionLog!$B$2:$B$309,$A5,SessionLog!$E$2:$E$309,"SE_neo4j.Tags.tagname",SessionLog!$F$2:$F$309,"M") | DU5: =COUNTIFS(SessionLog!$B$2:$B$309,$A5,SessionLog!$E$2:$E$309,"SE_neo4j.Tags.tagname",SessionLog!$F$2:$F$309,"P") | DV5: =COUNTIFS(SessionLog!$B$2:$B$309,$A5,SessionLog!$E$2:$E$309,"SE_neo4j.Tags.excerptpostid",SessionLog!$F$2:$F$309,"M") | DW5: =COUNTIFS(SessionLog!$B$2:$B$309,$A5,SessionLog!$E$2:$E$309,"SE_neo4j.Tags.excerptpostid",SessionLog!$F$2:$F$309,"P")
A6: B2 | B6: =COUNTIFS(SessionLog!$B$2:$B$309,$A6,SessionLog!$E$2:$E$309,"SE_mysql.postes.Id",SessionLog!$F$2:$F$309,"M") | C6: =COUNTIFS(SessionLog!$B$2:$B$309,$A6,SessionLog!$E$2:$E$309,"SE_mysql.postes.Id",SessionLog!$F$2:$F$309,"P") | D6: =COUNTIFS(SessionLog!$B$2:$B$309,$A6,SessionLog!$E$2:$E$309,"SE_mysql.postes.PostTypeId",SessionLog!$F$2:$F$309,"M") | E6: =COUNTIFS(SessionLog!$B$2:$B$309,$A6,SessionLog!$E$2:$E$309,"SE_mysql.postes.PostTypeId",SessionLog!$F$2:$F$309,"P") | F6: =COUNTIFS(SessionLog!$B$2:$B$309,$A6,SessionLog!$E$2:$E$309,"SE_mysql.postes.Title",SessionLog!$F$2:$F$309,"M") | G6: =COUNTIFS(SessionLog!$B$2:$B$309,$A6,SessionLog!$E$2:$E$309,"SE_mysql.postes.Title",SessionLog!$F$2:$F$309,"P") | H6: =COUNTIFS(SessionLog!$B$2:$B$309,$A6,SessionLog!$E$2:$E$309,"SE_mysql.postes.OwnerUserId",SessionLog!$F$2:$F$309,"M") | I6: =COUNTIFS(SessionLog!$B$2:$B$309,$A6,SessionLog!$E$2:$E$309,"SE_mysql.postes.OwnerUserId",SessionLog!$F$2:$F$309,"P") | J6: =COUNTIFS(SessionLog!$B$2:$B$309,$A6,SessionLog!$E$2:$E$309,"SE_mysql.postes.ViewCount",SessionLog!$F$2:$F$309,"M") | K6: =COUNTIFS(SessionLog!$B$2:$B$309,$A6,SessionLog!$E$2:$E$309,"SE_mysql.postes.ViewCount",SessionLog!$F$2:$F$309,"P") | L6: =COUNTIFS(SessionLog!$B$2:$B$309,$A6,SessionLog!$E$2:$E$309,"SE_mysql.postes.LastEditDate",SessionLog!$F$2:$F$309,"M") | M6: =COUNTIFS(SessionLog!$B$2:$B$309,$A6,SessionLog!$E$2:$E$309,"SE_mysql.postes.LastEditDate",SessionLog!$F$2:$F$309,"P") | N6: =COUNTIFS(SessionLog!$B$2:$B$309,$A6,SessionLog!$E$2:$E$309,"SE_mysql.postes.LastEditorUserId",SessionLog!$F$2:$F$309,"M") | O6: =COUNTIFS(SessionLog!$B$2:$B$309,$A6,SessionLog!$E$2:$E$309,"SE_mysql.postes.LastEditorUserId",SessionLog!$F$2:$F$309,"P") | P6: =COUNTIFS(SessionLog!$B$2:$B$309,$A6,SessionLog!$E$2:$E$309,"SE_mysql.postes.CreationDate",SessionLog!$F$2:$F$309,"M") | Q6: =COUNTIFS(SessionLog!$B$2:$B$309,$A6,SessionLog!$E$2:$E$309,"SE_mysql.postes.CreationDate",SessionLog!$F$2:$F$309,"P") | R6: =COUNTIFS(SessionLog!$B$2:$B$309,$A6,SessionLog!$E$2:$E$309,"SE_mysql.Posttypes.Id",SessionLog!$F$2:$F$309,"M") | S6: =COUNTIFS(SessionLog!$B$2:$B$309,$A6,SessionLog!$E$2:$E$309,"SE_mysql.Posttypes.Id",SessionLog!$F$2:$F$309,"P") | T6: =COUNTIFS(SessionLog!$B$2:$B$309,$A6,SessionLog!$E$2:$E$309,"SE_mysql.Posttypes.Name",SessionLog!$F$2:$F$309,"M") | U6: =COUNTIFS(SessionLog!$B$2:$B$309,$A6,SessionLog!$E$2:$E$309,"SE_mysql.Posttypes.Name",SessionLog!$F$2:$F$309,"P") | V6: =COUNTIFS(SessionLog!$B$2:$B$309,$A6,SessionLog!$E$2:$E$309,"SE_mysql.Users.Id",SessionLog!$F$2:$F$309,"M") | W6: =COUNTIFS(SessionLog!$B$2:$B$309,$A6,SessionLog!$E$2:$E$309,"SE_mysql.Users.Id",SessionLog!$F$2:$F$309,"P") | X6: =COUNTIFS(SessionLog!$B$2:$B$309,$A6,SessionLog!$E$2:$E$309,"SE_mysql.Users.Views",SessionLog!$F$2:$F$309,"M") | Y6: =COUNTIFS(SessionLog!$B$2:$B$309,$A6,SessionLog!$E$2:$E$309,"SE_mysql.Users.Views",SessionLog!$F$2:$F$309,"P") | Z6: =COUNTIFS(SessionLog!$B$2:$B$309,$A6,SessionLog!$E$2:$E$309,"SE_mysql.Users.UpVotes",SessionLog!$F$2:$F$309,"M") | AA6: =COUNTIFS(SessionLog!$B$2:$B$309,$A6,SessionLog!$E$2:$E$309,"SE_mysql.Users.UpVotes",SessionLog!$F$2:$F$309,"P") | AB6: =COUNTIFS(SessionLog!$B$2:$B$309,$A6,SessionLog!$E$2:$E$309,"SE_mysql.Users.DisplayName",SessionLog!$F$2:$F$309,"M") | AC6: =COUNTIFS(SessionLog!$B$2:$B$309,$A6,SessionLog!$E$2:$E$309,"SE_mysql.Users.DisplayName",SessionLog!$F$2:$F$309,"P") | AD6: =COUNTIFS(SessionLog!$B$2:$B$309,$A6,SessionLog!$E$2:$E$309,"SE_mysql.Users.DownVotes",SessionLog!$F$2:$F$309,"M") | AE6: =COUNTIFS(SessionLog!$B$2:$B$309,$A6,SessionLog!$E$2:$E$309,"SE_mysql.Users.DownVotes",SessionLog!$F$2:$F$309,"P") | AF6: =COUNTIFS(SessionLog!$B$2:$B$309,$A6,SessionLog!$E$2:$E$309,"SE_mysql.Users.LastAccessDate",SessionLog!$F$2:$F$309,"M") | AG6: =COUNTIFS(SessionLog!$B$2:$B$309,$A6,SessionLog!$E$2:$E$309,"SE_mysql.Users.LastAccessDate",SessionLog!$F$2:$F$309,"P") | AH6: =COUNTIFS(SessionLog!$B$2:$B$309,$A6,SessionLog!$E$2:$E$309,"SE_mysql.Users.Reputation",SessionLog!$F$2:$F$309,"M") | AI6: =COUNTIFS(SessionLog!$B$2:$B$309,$A6,SessionLog!$E$2:$E$309,"SE_mysql.Users.Reputation",SessionLog!$F$2:$F$309,"P") | AJ6: =COUNTIFS(SessionLog!$B$2:$B$309,$A6,SessionLog!$E$2:$E$309,"SE_mysql.Flagtypes.Id",SessionLog!$F$2:$F$309,"M") | AK6: =COUNTIFS(SessionLog!$B$2:$B$309,$A6,SessionLog!$E$2:$E$309,"SE_mysql.Flagtypes.Id",SessionLog!$F$2:$F$309,"P") | AL6: =COUNTIFS(SessionLog!$B$2:$B$309,$A6,SessionLog!$E$2:$E$309,"SE_mysql.Flagtypes.Name",SessionLog!$F$2:$F$309,"M") | AM6: =COUNTIFS(SessionLog!$B$2:$B$309,$A6,SessionLog!$E$2:$E$309,"SE_mysql.Flagtypes.Name",SessionLog!$F$2:$F$309,"P") | AN6: =COUNTIFS(SessionLog!$B$2:$B$309,$A6,SessionLog!$E$2:$E$309,"SE_mysql.Votes.Id",SessionLog!$F$2:$F$309,"M") | AO6: =COUNTIFS(SessionLog!$B$2:$B$309,$A6,SessionLog!$E$2:$E$309,"SE_mysql.Votes.Id",SessionLog!$F$2:$F$309,"P") | AP6: =COUNTIFS(SessionLog!$B$2:$B$309,$A6,SessionLog!$E$2:$E$309,"SE_mysql.Votes.UserId",SessionLog!$F$2:$F$309,"M") | AQ6: =COUNTIFS(SessionLog!$B$2:$B$309,$A6,SessionLog!$E$2:$E$309,"SE_mysql.Votes.UserId",SessionLog!$F$2:$F$309,"P") | AR6: =COUNTIFS(SessionLog!$B$2:$B$309,$A6,SessionLog!$E$2:$E$309,"SE_mysql.Votes.BountyAmount",SessionLog!$F$2:$F$309,"M") | AS6: =COUNTIFS(SessionLog!$B$2:$B$309,$A6,SessionLog!$E$2:$E$309,"SE_mysql.Votes.BountyAmount",SessionLog!$F$2:$F$309,"P") | AT6: =COUNTIFS(SessionLog!$B$2:$B$309,$A6,SessionLog!$E$2:$E$309,"SE_mysql.Votes.CreationDate",SessionLog!$F$2:$F$309,"M") | AU6: =COUNTIFS(SessionLog!$B$2:$B$309,$A6,SessionLog!$E$2:$E$309,"SE_mysql.Votes.CreationDate",SessionLog!$F$2:$F$309,"P") | AV6: =COUNTIFS(SessionLog!$B$2:$B$309,$A6,SessionLog!$E$2:$E$309,"SE_mysql.Votes.PostId",SessionLog!$F$2:$F$309,"M") | AW6: =COUNTIFS(SessionLog!$B$2:$B$309,$A6,SessionLog!$E$2:$E$309,"SE_mysql.Votes.PostId",SessionLog!$F$2:$F$309,"P") | AX6: =COUNTIFS(SessionLog!$B$2:$B$309,$A6,SessionLog!$E$2:$E$309,"SE_mysql.Votes.VoteTypeId",SessionLog!$F$2:$F$309,"M") | AY6: =COUNTIFS(SessionLog!$B$2:$B$309,$A6,SessionLog!$E$2:$E$309,"SE_mysql.Votes.VoteTypeId",SessionLog!$F$2:$F$309,"P") | AZ6: =COUNTIFS(SessionLog!$B$2:$B$309,$A6,SessionLog!$E$2:$E$309,"SE_mysql.Votetypes.Id",SessionLog!$F$2:$F$309,"M") | BA6: =COUNTIFS(SessionLog!$B$2:$B$309,$A6,SessionLog!$E$2:$E$309,"SE_mysql.Votetypes.Id",SessionLog!$F$2:$F$309,"P") | BB6: =COUNTIFS(SessionLog!$B$2:$B$309,$A6,SessionLog!$E$2:$E$309,"SE_mysql.Votetypes.Name",SessionLog!$F$2:$F$309,"M") | BC6: =COUNTIFS(SessionLog!$B$2:$B$309,$A6,SessionLog!$E$2:$E$309,"SE_mysql.Votetypes.Name",SessionLog!$F$2:$F$309,"P") | BD6: =COUNTIFS(SessionLog!$B$2:$B$309,$A6,SessionLog!$E$2:$E$309,"SE_mongodb.Badges.Id",SessionLog!$F$2:$F$309,"M") | BE6: =COUNTIFS(SessionLog!$B$2:$B$309,$A6,SessionLog!$E$2:$E$309,"SE_mongodb.Badges.Id",SessionLog!$F$2:$F$309,"P") | BF6: =COUNTIFS(SessionLog!$B$2:$B$309,$A6,SessionLog!$E$2:$E$309,"SE_mongodb.Badges.UserId",SessionLog!$F$2:$F$309,"M") | BG6: =COUNTIFS(SessionLog!$B$2:$B$309,$A6,SessionLog!$E$2:$E$309,"SE_mongodb.Badges.UserId",SessionLog!$F$2:$F$309,"P") | BH6: =COUNTIFS(SessionLog!$B$2:$B$309,$A6,SessionLog!$E$2:$E$309,"SE_mongodb.Badges.Name",SessionLog!$F$2:$F$309,"M") | BI6: =COUNTIFS(SessionLog!$B$2:$B$309,$A6,SessionLog!$E$2:$E$309,"SE_mongodb.Badges.Name",SessionLog!$F$2:$F$309,"P") | BJ6: =COUNTIFS(SessionLog!$B$2:$B$309,$A6,SessionLog!$E$2:$E$309,"SE_mongodb.Badges.Date",SessionLog!$F$2:$F$309,"M") | BK6: =COUNTIFS(SessionLog!$B$2:$B$309,$A6,SessionLog!$E$2:$E$309,"SE_mongodb.Badges.Date",SessionLog!$F$2:$F$309,"P") | BL6: =COUNTIFS(SessionLog!$B$2:$B$309,$A6,SessionLog!$E$2:$E$309,"SE_mongodb.Posts.Id",SessionLog!$F$2:$F$309,"M") | BM6: =COUNTIFS(SessionLog!$B$2:$B$309,$A6,SessionLog!$E$2:$E$309,"SE_mongodb.Posts.Id",SessionLog!$F$2:$F$309,"P") | BN6: =COUNTIFS(SessionLog!$B$2:$B$309,$A6,SessionLog!$E$2:$E$309,"SE_mongodb.Posts.Tags",SessionLog!$F$2:$F$309,"M") | BO6: =COUNTIFS(SessionLog!$B$2:$B$309,$A6,SessionLog!$E$2:$E$309,"SE_mongodb.Posts.Tags",SessionLog!$F$2:$F$309,"P") | BP6: =COUNTIFS(SessionLog!$B$2:$B$309,$A6,SessionLog!$E$2:$E$309,"SE_mongodb.Posts.Body",SessionLog!$F$2:$F$309,"M") | BQ6: =COUNTIFS(SessionLog!$B$2:$B$309,$A6,SessionLog!$E$2:$E$309,"SE_mongodb.Posts.Body",SessionLog!$F$2:$F$309,"P") | BR6: =COUNTIFS(SessionLog!$B$2:$B$309,$A6,SessionLog!$E$2:$E$309,"SE_mongodb.Users.Id",SessionLog!$F$2:$F$309,"M") | BS6: =COUNTIFS(SessionLog!$B$2:$B$309,$A6,SessionLog!$E$2:$E$309,"SE_mongodb.Users.Id",SessionLog!$F$2:$F$309,"P") | BT6: =COUNTIFS(SessionLog!$B$2:$B$309,$A6,SessionLog!$E$2:$E$309,"SE_mongodb.Users.DisplayName",SessionLog!$F$2:$F$309,"M") | BU6: =COUNTIFS(SessionLog!$B$2:$B$309,$A6,SessionLog!$E$2:$E$309,"SE_mongodb.Users.DisplayName",SessionLog!$F$2:$F$309,"P") | BV6: =COUNTIFS(SessionLog!$B$2:$B$309,$A6,SessionLog!$E$2:$E$309,"SE_mongodb.Users.AboutMe",SessionLog!$F$2:$F$309,"M") | BW6: =COUNTIFS(SessionLog!$B$2:$B$309,$A6,SessionLog!$E$2:$E$309,"SE_mongodb.Users.AboutMe",SessionLog!$F$2:$F$309,"P") | BX6: =COUNTIFS(SessionLog!$B$2:$B$309,$A6,SessionLog!$E$2:$E$309,"SE_mongodb.Comments.Id",SessionLog!$F$2:$F$309,"M") | BY6: =COUNTIFS(SessionLog!$B$2:$B$309,$A6,SessionLog!$E$2:$E$309,"SE_mongodb.Comments.Id",SessionLog!$F$2:$F$309,"P") | BZ6: =COUNTIFS(SessionLog!$B$2:$B$309,$A6,SessionLog!$E$2:$E$309,"SE_mongodb.Comments.UserId",SessionLog!$F$2:$F$309,"M") | CA6: =COUNTIFS(SessionLog!$B$2:$B$309,$A6,SessionLog!$E$2:$E$309,"SE_mongodb.Comments.UserId",SessionLog!$F$2:$F$309,"P") | CB6: =COUNTIFS(SessionLog!$B$2:$B$309,$A6,SessionLog!$E$2:$E$309,"SE_mongodb.Comments.Text",SessionLog!$F$2:$F$309,"M") | CC6: =COUNTIFS(SessionLog!$B$2:$B$309,$A6,SessionLog!$E$2:$E$309,"SE_mongodb.Comments.Text",SessionLog!$F$2:$F$309,"P") | CD6: =COUNTIFS(SessionLog!$B$2:$B$309,$A6,SessionLog!$E$2:$E$309,"SE_mongodb.Comments.PostId",SessionLog!$F$2:$F$309,"M") | CE6: =COUNTIFS(SessionLog!$B$2:$B$309,$A6,SessionLog!$E$2:$E$309,"SE_mongodb.Comments.PostId",SessionLog!$F$2:$F$309,"P") | CF6: =COUNTIFS(SessionLog!$B$2:$B$309,$A6,SessionLog!$E$2:$E$309,"SE_neo4j.postlinks.id",SessionLog!$F$2:$F$309,"M") | CG6: =COUNTIFS(SessionLog!$B$2:$B$309,$A6,SessionLog!$E$2:$E$309,"SE_neo4j.postlinks.id",SessionLog!$F$2:$F$309,"P") | CH6: =COUNTIFS(SessionLog!$B$2:$B$309,$A6,SessionLog!$E$2:$E$309,"SE_neo4j.postlinks.LinkTypeId",SessionLog!$F$2:$F$309,"M") | CI6: =COUNTIFS(SessionLog!$B$2:$B$309,$A6,SessionLog!$E$2:$E$309,"SE_neo4j.postlinks.LinkTypeId",SessionLog!$F$2:$F$309,"P") | CJ6: =COUNTIFS(SessionLog!$B$2:$B$309,$A6,SessionLog!$E$2:$E$309,"SE_neo4j.postlinks.RelatedPostId",SessionLog!$F$2:$F$309,"M") | CK6: =COUNTIFS(SessionLog!$B$2:$B$309,$A6,SessionLog!$E$2:$E$309,"SE_neo4j.postlinks.RelatedPostId",SessionLog!$F$2:$F$309,"P") | CL6: =COUNTIFS(SessionLog!$B$2:$B$309,$A6,SessionLog!$E$2:$E$309,"SE_neo4j.postlinks.PostIdd",SessionLog!$F$2:$F$309,"M") | CM6: =COUNTIFS(SessionLog!$B$2:$B$309,$A6,SessionLog!$E$2:$E$309,"SE_neo4j.postlinks.PostIdd",SessionLog!$F$2:$F$309,"P") | CN6: =COUNTIFS(SessionLog!$B$2:$B$309,$A6,SessionLog!$E$2:$E$309,"SE_neo4j.postlinks.CreationDate",SessionLog!$F$2:$F$309,"M") | CO6: =COUNTIFS(SessionLog!$B$2:$B$309,$A6,SessionLog!$E$2:$E$309,"SE_neo4j.postlinks.CreationDate",SessionLog!$F$2:$F$309,"P") | CP6: =COUNTIFS(SessionLog!$B$2:$B$309,$A6,SessionLog!$E$2:$E$309,"SE_neo4j.Posts.id",SessionLog!$F$2:$F$309,"M") | CQ6: =COUNTIFS(SessionLog!$B$2:$B$309,$A6,SessionLog!$E$2:$E$309,"SE_neo4j.Posts.id",SessionLog!$F$2:$F$309,"P") | CR6: =COUNTIFS(SessionLog!$B$2:$B$309,$A6,SessionLog!$E$2:$E$309,"SE_neo4j.Posts.posttypeid",SessionLog!$F$2:$F$309,"M") | CS6: =COUNTIFS(SessionLog!$B$2:$B$309,$A6,SessionLog!$E$2:$E$309,"SE_neo4j.Posts.posttypeid",SessionLog!$F$2:$F$309,"P") | CT6: =COUNTIFS(SessionLog!$B$2:$B$309,$A6,SessionLog!$E$2:$E$309,"SE_neo4j.Posts.parentid",SessionLog!$F$2:$F$309,"M") | CU6: =COUNTIFS(SessionLog!$B$2:$B$309,$A6,SessionLog!$E$2:$E$309,"SE_neo4j.Posts.parentid",SessionLog!$F$2:$F$309,"P") | CV6: =COUNTIFS(SessionLog!$B$2:$B$309,$A6,SessionLog!$E$2:$E$309,"SE_neo4j.Posts.owneruserid",SessionLog!$F$2:$F$309,"M") | CW6: =COUNTIFS(SessionLog!$B$2:$B$309,$A6,SessionLog!$E$2:$E$309,"SE_neo4j.Posts.owneruserid",SessionLog!$F$2:$F$309,"P") | CX6: =COUNTIFS(SessionLog!$B$2:$B$309,$A6,SessionLog!$E$2:$E$309,"SE_neo4j.Posts.acceptedanswerid",SessionLog!$F$2:$F$309,"M") | CY6: =COUNTIFS(SessionLog!$B$2:$B$309,$A6,SessionLog!$E$2:$E$309,"SE_neo4j.Posts.acceptedanswerid",SessionLog!$F$2:$F$309,"P") | CZ6: =COUNTIFS(SessionLog!$B$2:$B$309,$A6,SessionLog!$E$2:$E$309,"SE_neo4j.Comments.id",SessionLog!$F$2:$F$309,"M") | DA6: =COUNTIFS(SessionLog!$B$2:$B$309,$A6,SessionLog!$E$2:$E$309,"SE_neo4j.Comments.id",SessionLog!$F$2:$F$309,"P") | DB6: =COUNTIFS(SessionLog!$B$2:$B$309,$A6,SessionLog!$E$2:$E$309,"SE_neo4j.Comments.creationdate",SessionLog!$F$2:$F$309,"M") | DC6: =COUNTIFS(SessionLog!$B$2:$B$309,$A6,SessionLog!$E$2:$E$309,"SE_neo4j.Comments.creationdate",SessionLog!$F$2:$F$309,"P") | DD6: =COUNTIFS(SessionLog!$B$2:$B$309,$A6,SessionLog!$E$2:$E$309,"SE_neo4j.Comments.score",SessionLog!$F$2:$F$309,"M") | DE6: =COUNTIFS(SessionLog!$B$2:$B$309,$A6,SessionLog!$E$2:$E$309,"SE_neo4j.Comments.score",SessionLog!$F$2:$F$309,"P") | DF6: =COUNTIFS(SessionLog!$B$2:$B$309,$A6,SessionLog!$E$2:$E$309,"SE_neo4j.Users.id",SessionLog!$F$2:$F$309,"M") | DG6: =COUNTIFS(SessionLog!$B$2:$B$309,$A6,SessionLog!$E$2:$E$309,"SE_neo4j.Users.id",SessionLog!$F$2:$F$309,"P") | DH6: =COUNTIFS(SessionLog!$B$2:$B$309,$A6,SessionLog!$E$2:$E$309,"SE_neo4j.Users.accountid",SessionLog!$F$2:$F$309,"M") | DI6: =COUNTIFS(SessionLog!$B$2:$B$309,$A6,SessionLog!$E$2:$E$309,"SE_neo4j.Users.accountid",SessionLog!$F$2:$F$309,"P") | DJ6: =COUNTIFS(SessionLog!$B$2:$B$309,$A6,SessionLog!$E$2:$E$309,"SE_neo4j.Users.displayname",SessionLog!$F$2:$F$309,"M") | DK6: =COUNTIFS(SessionLog!$B$2:$B$309,$A6,SessionLog!$E$2:$E$309,"SE_neo4j.Users.displayname",SessionLog!$F$2:$F$309,"P") | DL6: =COUNTIFS(SessionLog!$B$2:$B$309,$A6,SessionLog!$E$2:$E$309,"SE_neo4j.Users.creationdate",SessionLog!$F$2:$F$309,"M") | DM6: =COUNTIFS(SessionLog!$B$2:$B$309,$A6,SessionLog!$E$2:$E$309,"SE_neo4j.Users.creationdate",SessionLog!$F$2:$F$309,"P") | DN6: =COUNTIFS(SessionLog!$B$2:$B$309,$A6,SessionLog!$E$2:$E$309,"SE_neo4j.Tags.id",SessionLog!$F$2:$F$309,"M") | DO6: =COUNTIFS(SessionLog!$B$2:$B$309,$A6,SessionLog!$E$2:$E$309,"SE_neo4j.Tags.id",SessionLog!$F$2:$F$309,"P") | DP6: =COUNTIFS(SessionLog!$B$2:$B$309,$A6,SessionLog!$E$2:$E$309,"SE_neo4j.Tags.count",SessionLog!$F$2:$F$309,"M") | DQ6: =COUNTIFS(SessionLog!$B$2:$B$309,$A6,SessionLog!$E$2:$E$309,"SE_neo4j.Tags.count",SessionLog!$F$2:$F$309,"P") | DR6: =COUNTIFS(SessionLog!$B$2:$B$309,$A6,SessionLog!$E$2:$E$309,"SE_neo4j.Tags.wikipostid",SessionLog!$F$2:$F$309,"M") | DS6: =COUNTIFS(SessionLog!$B$2:$B$309,$A6,SessionLog!$E$2:$E$309,"SE_neo4j.Tags.wikipostid",SessionLog!$F$2:$F$309,"P") | DT6: =COUNTIFS(SessionLog!$B$2:$B$309,$A6,SessionLog!$E$2:$E$309,"SE_neo4j.Tags.tagname",SessionLog!$F$2:$F$309,"M") | DU6: =COUNTIFS(SessionLog!$B$2:$B$309,$A6,SessionLog!$E$2:$E$309,"SE_neo4j.Tags.tagname",SessionLog!$F$2:$F$309,"P") | DV6: =COUNTIFS(SessionLog!$B$2:$B$309,$A6,SessionLog!$E$2:$E$309,"SE_neo4j.Tags.excerptpostid",SessionLog!$F$2:$F$309,"M") | DW6: =COUNTIFS(SessionLog!$B$2:$B$309,$A6,SessionLog!$E$2:$E$309,"SE_neo4j.Tags.excerptpostid",SessionLog!$F$2:$F$309,"P")
A7: B3 | B7: =COUNTIFS(SessionLog!$B$2:$B$309,$A7,SessionLog!$E$2:$E$309,"SE_mysql.postes.Id",SessionLog!$F$2:$F$309,"M") | C7: =COUNTIFS(SessionLog!$B$2:$B$309,$A7,SessionLog!$E$2:$E$309,"SE_mysql.postes.Id",SessionLog!$F$2:$F$309,"P") | D7: =COUNTIFS(SessionLog!$B$2:$B$309,$A7,SessionLog!$E$2:$E$309,"SE_mysql.postes.PostTypeId",SessionLog!$F$2:$F$309,"M") | E7: =COUNTIFS(SessionLog!$B$2:$B$309,$A7,SessionLog!$E$2:$E$309,"SE_mysql.postes.PostTypeId",SessionLog!$F$2:$F$309,"P") | F7: =COUNTIFS(SessionLog!$B$2:$B$309,$A7,SessionLog!$E$2:$E$309,"SE_mysql.postes.Title",SessionLog!$F$2:$F$309,"M") | G7: =COUNTIFS(SessionLog!$B$2:$B$309,$A7,SessionLog!$E$2:$E$309,"SE_mysql.postes.Title",SessionLog!$F$2:$F$309,"P") | H7: =COUNTIFS(SessionLog!$B$2:$B$309,$A7,SessionLog!$E$2:$E$309,"SE_mysql.postes.OwnerUserId",SessionLog!$F$2:$F$309,"M") | I7: =COUNTIFS(SessionLog!$B$2:$B$309,$A7,SessionLog!$E$2:$E$309,"SE_mysql.postes.OwnerUserId",SessionLog!$F$2:$F$309,"P") | J7: =COUNTIFS(SessionLog!$B$2:$B$309,$A7,SessionLog!$E$2:$E$309,"SE_mysql.postes.ViewCount",SessionLog!$F$2:$F$309,"M") | K7: =COUNTIFS(SessionLog!$B$2:$B$309,$A7,SessionLog!$E$2:$E$309,"SE_mysql.postes.ViewCount",SessionLog!$F$2:$F$309,"P") | L7: =COUNTIFS(SessionLog!$B$2:$B$309,$A7,SessionLog!$E$2:$E$309,"SE_mysql.postes.LastEditDate",SessionLog!$F$2:$F$309,"M") | M7: =COUNTIFS(SessionLog!$B$2:$B$309,$A7,SessionLog!$E$2:$E$309,"SE_mysql.postes.LastEditDate",SessionLog!$F$2:$F$309,"P") | N7: =COUNTIFS(SessionLog!$B$2:$B$309,$A7,SessionLog!$E$2:$E$309,"SE_mysql.postes.LastEditorUserId",SessionLog!$F$2:$F$309,"M") | O7: =COUNTIFS(SessionLog!$B$2:$B$309,$A7,SessionLog!$E$2:$E$309,"SE_mysql.postes.LastEditorUserId",SessionLog!$F$2:$F$309,"P") | P7: =COUNTIFS(SessionLog!$B$2:$B$309,$A7,SessionLog!$E$2:$E$309,"SE_mysql.postes.CreationDate",SessionLog!$F$2:$F$309,"M") | Q7: =COUNTIFS(SessionLog!$B$2:$B$309,$A7,SessionLog!$E$2:$E$309,"SE_mysql.postes.CreationDate",SessionLog!$F$2:$F$309,"P") | R7: =COUNTIFS(SessionLog!$B$2:$B$309,$A7,SessionLog!$E$2:$E$309,"SE_mysql.Posttypes.Id",SessionLog!$F$2:$F$309,"M") | S7: =COUNTIFS(SessionLog!$B$2:$B$309,$A7,SessionLog!$E$2:$E$309,"SE_mysql.Posttypes.Id",SessionLog!$F$2:$F$309,"P") | T7: =COUNTIFS(SessionLog!$B$2:$B$309,$A7,SessionLog!$E$2:$E$309,"SE_mysql.Posttypes.Name",SessionLog!$F$2:$F$309,"M") | U7: =COUNTIFS(SessionLog!$B$2:$B$309,$A7,SessionLog!$E$2:$E$309,"SE_mysql.Posttypes.Name",SessionLog!$F$2:$F$309,"P") | V7: =COUNTIFS(SessionLog!$B$2:$B$309,$A7,SessionLog!$E$2:$E$309,"SE_mysql.Users.Id",SessionLog!$F$2:$F$309,"M") | W7: =COUNTIFS(SessionLog!$B$2:$B$309,$A7,SessionLog!$E$2:$E$309,"SE_mysql.Users.Id",SessionLog!$F$2:$F$309,"P") | X7: =COUNTIFS(SessionLog!$B$2:$B$309,$A7,SessionLog!$E$2:$E$309,"SE_mysql.Users.Views",SessionLog!$F$2:$F$309,"M") | Y7: =COUNTIFS(SessionLog!$B$2:$B$309,$A7,SessionLog!$E$2:$E$309,"SE_mysql.Users.Views",SessionLog!$F$2:$F$309,"P") | Z7: =COUNTIFS(SessionLog!$B$2:$B$309,$A7,SessionLog!$E$2:$E$309,"SE_mysql.Users.UpVotes",SessionLog!$F$2:$F$309,"M") | AA7: =COUNTIFS(SessionLog!$B$2:$B$309,$A7,SessionLog!$E$2:$E$309,"SE_mysql.Users.UpVotes",SessionLog!$F$2:$F$309,"P") | AB7: =COUNTIFS(SessionLog!$B$2:$B$309,$A7,SessionLog!$E$2:$E$309,"SE_mysql.Users.DisplayName",SessionLog!$F$2:$F$309,"M") | AC7: =COUNTIFS(SessionLog!$B$2:$B$309,$A7,SessionLog!$E$2:$E$309,"SE_mysql.Users.DisplayName",SessionLog!$F$2:$F$309,"P") | AD7: =COUNTIFS(SessionLog!$B$2:$B$309,$A7,SessionLog!$E$2:$E$309,"SE_mysql.Users.DownVotes",SessionLog!$F$2:$F$309,"M") | AE7: =COUNTIFS(SessionLog!$B$2:$B$309,$A7,SessionLog!$E$2:$E$309,"SE_mysql.Users.DownVotes",SessionLog!$F$2:$F$309,"P") | AF7: =COUNTIFS(SessionLog!$B$2:$B$309,$A7,SessionLog!$E$2:$E$309,"SE_mysql.Users.LastAccessDate",SessionLog!$F$2:$F$309,"M") | AG7: =COUNTIFS(SessionLog!$B$2:$B$309,$A7,SessionLog!$E$2:$E$309,"SE_mysql.Users.LastAccessDate",SessionLog!$F$2:$F$309,"P") | AH7: =COUNTIFS(SessionLog!$B$2:$B$309,$A7,SessionLog!$E$2:$E$309,"SE_mysql.Users.Reputation",SessionLog!$F$2:$F$309,"M") | AI7: =COUNTIFS(SessionLog!$B$2:$B$309,$A7,SessionLog!$E$2:$E$309,"SE_mysql.Users.Reputation",SessionLog!$F$2:$F$309,"P") | AJ7: =COUNTIFS(SessionLog!$B$2:$B$309,$A7,SessionLog!$E$2:$E$309,"SE_mysql.Flagtypes.Id",SessionLog!$F$2:$F$309,"M") | AK7: =COUNTIFS(SessionLog!$B$2:$B$309,$A7,SessionLog!$E$2:$E$309,"SE_mysql.Flagtypes.Id",SessionLog!$F$2:$F$309,"P") | AL7: =COUNTIFS(SessionLog!$B$2:$B$309,$A7,SessionLog!$E$2:$E$309,"SE_mysql.Flagtypes.Name",SessionLog!$F$2:$F$309,"M") | AM7: =COUNTIFS(SessionLog!$B$2:$B$309,$A7,SessionLog!$E$2:$E$309,"SE_mysql.Flagtypes.Name",SessionLog!$F$2:$F$309,"P") | AN7: =COUNTIFS(SessionLog!$B$2:$B$309,$A7,SessionLog!$E$2:$E$309,"SE_mysql.Votes.Id",SessionLog!$F$2:$F$309,"M") | AO7: =COUNTIFS(SessionLog!$B$2:$B$309,$A7,SessionLog!$E$2:$E$309,"SE_mysql.Votes.Id",SessionLog!$F$2:$F$309,"P") | AP7: =COUNTIFS(SessionLog!$B$2:$B$309,$A7,SessionLog!$E$2:$E$309,"SE_mysql.Votes.UserId",SessionLog!$F$2:$F$309,"M") | AQ7: =COUNTIFS(SessionLog!$B$2:$B$309,$A7,SessionLog!$E$2:$E$309,"SE_mysql.Votes.UserId",SessionLog!$F$2:$F$309,"P") | AR7: =COUNTIFS(SessionLog!$B$2:$B$309,$A7,SessionLog!$E$2:$E$309,"SE_mysql.Votes.BountyAmount",SessionLog!$F$2:$F$309,"M") | AS7: =COUNTIFS(SessionLog!$B$2:$B$309,$A7,SessionLog!$E$2:$E$309,"SE_mysql.Votes.BountyAmount",SessionLog!$F$2:$F$309,"P") | AT7: =COUNTIFS(SessionLog!$B$2:$B$309,$A7,SessionLog!$E$2:$E$309,"SE_mysql.Votes.CreationDate",SessionLog!$F$2:$F$309,"M") | AU7: =COUNTIFS(SessionLog!$B$2:$B$309,$A7,SessionLog!$E$2:$E$309,"SE_mysql.Votes.CreationDate",SessionLog!$F$2:$F$309,"P") | AV7: =COUNTIFS(SessionLog!$B$2:$B$309,$A7,SessionLog!$E$2:$E$309,"SE_mysql.Votes.PostId",SessionLog!$F$2:$F$309,"M") | AW7: =COUNTIFS(SessionLog!$B$2:$B$309,$A7,SessionLog!$E$2:$E$309,"SE_mysql.Votes.PostId",SessionLog!$F$2:$F$309,"P") | AX7: =COUNTIFS(SessionLog!$B$2:$B$309,$A7,SessionLog!$E$2:$E$309,"SE_mysql.Votes.VoteTypeId",SessionLog!$F$2:$F$309,"M") | AY7: =COUNTIFS(SessionLog!$B$2:$B$309,$A7,SessionLog!$E$2:$E$309,"SE_mysql.Votes.VoteTypeId",SessionLog!$F$2:$F$309,"P") | AZ7: =COUNTIFS(SessionLog!$B$2:$B$309,$A7,SessionLog!$E$2:$E$309,"SE_mysql.Votetypes.Id",SessionLog!$F$2:$F$309,"M") | BA7: =COUNTIFS(SessionLog!$B$2:$B$309,$A7,SessionLog!$E$2:$E$309,"SE_mysql.Votetypes.Id",SessionLog!$F$2:$F$309,"P") | BB7: =COUNTIFS(SessionLog!$B$2:$B$309,$A7,SessionLog!$E$2:$E$309,"SE_mysql.Votetypes.Name",SessionLog!$F$2:$F$309,"M") | BC7: =COUNTIFS(SessionLog!$B$2:$B$309,$A7,SessionLog!$E$2:$E$309,"SE_mysql.Votetypes.Name",SessionLog!$F$2:$F$309,"P") | BD7: =COUNTIFS(SessionLog!$B$2:$B$309,$A7,SessionLog!$E$2:$E$309,"SE_mongodb.Badges.Id",SessionLog!$F$2:$F$309,"M") | BE7: =COUNTIFS(SessionLog!$B$2:$B$309,$A7,SessionLog!$E$2:$E$309,"SE_mongodb.Badges.Id",SessionLog!$F$2:$F$309,"P") | BF7: =COUNTIFS(SessionLog!$B$2:$B$309,$A7,SessionLog!$E$2:$E$309,"SE_mongodb.Badges.UserId",SessionLog!$F$2:$F$309,"M") | BG7: =COUNTIFS(SessionLog!$B$2:$B$309,$A7,SessionLog!$E$2:$E$309,"SE_mongodb.Badges.UserId",SessionLog!$F$2:$F$309,"P") | BH7: =COUNTIFS(SessionLog!$B$2:$B$309,$A7,SessionLog!$E$2:$E$309,"SE_mongodb.Badges.Name",SessionLog!$F$2:$F$309,"M") | BI7: =COUNTIFS(SessionLog!$B$2:$B$309,$A7,SessionLog!$E$2:$E$309,"SE_mongodb.Badges.Name",SessionLog!$F$2:$F$309,"P") | BJ7: =COUNTIFS(SessionLog!$B$2:$B$309,$A7,SessionLog!$E$2:$E$309,"SE_mongodb.Badges.Date",SessionLog!$F$2:$F$309,"M") | BK7: =COUNTIFS(SessionLog!$B$2:$B$309,$A7,SessionLog!$E$2:$E$309,"SE_mongodb.Badges.Date",SessionLog!$F$2:$F$309,"P") | BL7: =COUNTIFS(SessionLog!$B$2:$B$309,$A7,SessionLog!$E$2:$E$309,"SE_mongodb.Posts.Id",SessionLog!$F$2:$F$309,"M") | BM7: =COUNTIFS(SessionLog!$B$2:$B$309,$A7,SessionLog!$E$2:$E$309,"SE_mongodb.Posts.Id",SessionLog!$F$2:$F$309,"P") | BN7: =COUNTIFS(SessionLog!$B$2:$B$309,$A7,SessionLog!$E$2:$E$309,"SE_mongodb.Posts.Tags",SessionLog!$F$2:$F$309,"M") | BO7: =COUNTIFS(SessionLog!$B$2:$B$309,$A7,SessionLog!$E$2:$E$309,"SE_mongodb.Posts.Tags",SessionLog!$F$2:$F$309,"P") | BP7: =COUNTIFS(SessionLog!$B$2:$B$309,$A7,SessionLog!$E$2:$E$309,"SE_mongodb.Posts.Body",SessionLog!$F$2:$F$309,"M") | BQ7: =COUNTIFS(SessionLog!$B$2:$B$309,$A7,SessionLog!$E$2:$E$309,"SE_mongodb.Posts.Body",SessionLog!$F$2:$F$309,"P") | BR7: =COUNTIFS(SessionLog!$B$2:$B$309,$A7,SessionLog!$E$2:$E$309,"SE_mongodb.Users.Id",SessionLog!$F$2:$F$309,"M") | BS7: =COUNTIFS(SessionLog!$B$2:$B$309,$A7,SessionLog!$E$2:$E$309,"SE_mongodb.Users.Id",SessionLog!$F$2:$F$309,"P") | BT7: =COUNTIFS(SessionLog!$B$2:$B$309,$A7,SessionLog!$E$2:$E$309,"SE_mongodb.Users.DisplayName",SessionLog!$F$2:$F$309,"M") | BU7: =COUNTIFS(SessionLog!$B$2:$B$309,$A7,SessionLog!$E$2:$E$309,"SE_mongodb.Users.DisplayName",SessionLog!$F$2:$F$309,"P") | BV7: =COUNTIFS(SessionLog!$B$2:$B$309,$A7,SessionLog!$E$2:$E$309,"SE_mongodb.Users.AboutMe",SessionLog!$F$2:$F$309,"M") | BW7: =COUNTIFS(SessionLog!$B$2:$B$309,$A7,SessionLog!$E$2:$E$309,"SE_mongodb.Users.AboutMe",SessionLog!$F$2:$F$309,"P") | BX7: =COUNTIFS(SessionLog!$B$2:$B$309,$A7,SessionLog!$E$2:$E$309,"SE_mongodb.Comments.Id",SessionLog!$F$2:$F$309,"M") | BY7: =COUNTIFS(SessionLog!$B$2:$B$309,$A7,SessionLog!$E$2:$E$309,"SE_mongodb.Comments.Id",SessionLog!$F$2:$F$309,"P") | BZ7: =COUNTIFS(SessionLog!$B$2:$B$309,$A7,SessionLog!$E$2:$E$309,"SE_mongodb.Comments.UserId",SessionLog!$F$2:$F$309,"M") | CA7: =COUNTIFS(SessionLog!$B$2:$B$309,$A7,SessionLog!$E$2:$E$309,"SE_mongodb.Comments.UserId",SessionLog!$F$2:$F$309,"P") | CB7: =COUNTIFS(SessionLog!$B$2:$B$309,$A7,SessionLog!$E$2:$E$309,"SE_mongodb.Comments.Text",SessionLog!$F$2:$F$309,"M") | CC7: =COUNTIFS(SessionLog!$B$2:$B$309,$A7,SessionLog!$E$2:$E$309,"SE_mongodb.Comments.Text",SessionLog!$F$2:$F$309,"P") | CD7: =COUNTIFS(SessionLog!$B$2:$B$309,$A7,SessionLog!$E$2:$E$309,"SE_mongodb.Comments.PostId",SessionLog!$F$2:$F$309,"M") | CE7: =COUNTIFS(SessionLog!$B$2:$B$309,$A7,SessionLog!$E$2:$E$309,"SE_mongodb.Comments.PostId",SessionLog!$F$2:$F$309,"P") | CF7: =COUNTIFS(SessionLog!$B$2:$B$309,$A7,SessionLog!$E$2:$E$309,"SE_neo4j.postlinks.id",SessionLog!$F$2:$F$309,"M") | CG7: =COUNTIFS(SessionLog!$B$2:$B$309,$A7,SessionLog!$E$2:$E$309,"SE_neo4j.postlinks.id",SessionLog!$F$2:$F$309,"P") | CH7: =COUNTIFS(SessionLog!$B$2:$B$309,$A7,SessionLog!$E$2:$E$309,"SE_neo4j.postlinks.LinkTypeId",SessionLog!$F$2:$F$309,"M") | CI7: =COUNTIFS(SessionLog!$B$2:$B$309,$A7,SessionLog!$E$2:$E$309,"SE_neo4j.postlinks.LinkTypeId",SessionLog!$F$2:$F$309,"P") | CJ7: =COUNTIFS(SessionLog!$B$2:$B$309,$A7,SessionLog!$E$2:$E$309,"SE_neo4j.postlinks.RelatedPostId",SessionLog!$F$2:$F$309,"M") | CK7: =COUNTIFS(SessionLog!$B$2:$B$309,$A7,SessionLog!$E$2:$E$309,"SE_neo4j.postlinks.RelatedPostId",SessionLog!$F$2:$F$309,"P") | CL7: =COUNTIFS(SessionLog!$B$2:$B$309,$A7,SessionLog!$E$2:$E$309,"SE_neo4j.postlinks.PostIdd",SessionLog!$F$2:$F$309,"M") | CM7: =COUNTIFS(SessionLog!$B$2:$B$309,$A7,SessionLog!$E$2:$E$309,"SE_neo4j.postlinks.PostIdd",SessionLog!$F$2:$F$309,"P") | CN7: =COUNTIFS(SessionLog!$B$2:$B$309,$A7,SessionLog!$E$2:$E$309,"SE_neo4j.postlinks.CreationDate",SessionLog!$F$2:$F$309,"M") | CO7: =COUNTIFS(SessionLog!$B$2:$B$309,$A7,SessionLog!$E$2:$E$309,"SE_neo4j.postlinks.CreationDate",SessionLog!$F$2:$F$309,"P") | CP7: =COUNTIFS(SessionLog!$B$2:$B$309,$A7,SessionLog!$E$2:$E$309,"SE_neo4j.Posts.id",SessionLog!$F$2:$F$309,"M") | CQ7: =COUNTIFS(SessionLog!$B$2:$B$309,$A7,SessionLog!$E$2:$E$309,"SE_neo4j.Posts.id",SessionLog!$F$2:$F$309,"P") | CR7: =COUNTIFS(SessionLog!$B$2:$B$309,$A7,SessionLog!$E$2:$E$309,"SE_neo4j.Posts.posttypeid",SessionLog!$F$2:$F$309,"M") | CS7: =COUNTIFS(SessionLog!$B$2:$B$309,$A7,SessionLog!$E$2:$E$309,"SE_neo4j.Posts.posttypeid",SessionLog!$F$2:$F$309,"P") | CT7: =COUNTIFS(SessionLog!$B$2:$B$309,$A7,SessionLog!$E$2:$E$309,"SE_neo4j.Posts.parentid",SessionLog!$F$2:$F$309,"M") | CU7: =COUNTIFS(SessionLog!$B$2:$B$309,$A7,SessionLog!$E$2:$E$309,"SE_neo4j.Posts.parentid",SessionLog!$F$2:$F$309,"P") | CV7: =COUNTIFS(SessionLog!$B$2:$B$309,$A7,SessionLog!$E$2:$E$309,"SE_neo4j.Posts.owneruserid",SessionLog!$F$2:$F$309,"M") | CW7: =COUNTIFS(SessionLog!$B$2:$B$309,$A7,SessionLog!$E$2:$E$309,"SE_neo4j.Posts.owneruserid",SessionLog!$F$2:$F$309,"P") | CX7: =COUNTIFS(SessionLog!$B$2:$B$309,$A7,SessionLog!$E$2:$E$309,"SE_neo4j.Posts.acceptedanswerid",SessionLog!$F$2:$F$309,"M") | CY7: =COUNTIFS(SessionLog!$B$2:$B$309,$A7,SessionLog!$E$2:$E$309,"SE_neo4j.Posts.acceptedanswerid",SessionLog!$F$2:$F$309,"P") | CZ7: =COUNTIFS(SessionLog!$B$2:$B$309,$A7,SessionLog!$E$2:$E$309,"SE_neo4j.Comments.id",SessionLog!$F$2:$F$309,"M") | DA7: =COUNTIFS(SessionLog!$B$2:$B$309,$A7,SessionLog!$E$2:$E$309,"SE_neo4j.Comments.id",SessionLog!$F$2:$F$309,"P") | DB7: =COUNTIFS(SessionLog!$B$2:$B$309,$A7,SessionLog!$E$2:$E$309,"SE_neo4j.Comments.creationdate",SessionLog!$F$2:$F$309,"M") | DC7: =COUNTIFS(SessionLog!$B$2:$B$309,$A7,SessionLog!$E$2:$E$309,"SE_neo4j.Comments.creationdate",SessionLog!$F$2:$F$309,"P") | DD7: =COUNTIFS(SessionLog!$B$2:$B$309,$A7,SessionLog!$E$2:$E$309,"SE_neo4j.Comments.score",SessionLog!$F$2:$F$309,"M") | DE7: =COUNTIFS(SessionLog!$B$2:$B$309,$A7,SessionLog!$E$2:$E$309,"SE_neo4j.Comments.score",SessionLog!$F$2:$F$309,"P") | DF7: =COUNTIFS(SessionLog!$B$2:$B$309,$A7,SessionLog!$E$2:$E$309,"SE_neo4j.Users.id",SessionLog!$F$2:$F$309,"M") | DG7: =COUNTIFS(SessionLog!$B$2:$B$309,$A7,SessionLog!$E$2:$E$309,"SE_neo4j.Users.id",SessionLog!$F$2:$F$309,"P") | DH7: =COUNTIFS(SessionLog!$B$2:$B$309,$A7,SessionLog!$E$2:$E$309,"SE_neo4j.Users.accountid",SessionLog!$F$2:$F$309,"M") | DI7: =COUNTIFS(SessionLog!$B$2:$B$309,$A7,SessionLog!$E$2:$E$309,"SE_neo4j.Users.accountid",SessionLog!$F$2:$F$309,"P") | DJ7: =COUNTIFS(SessionLog!$B$2:$B$309,$A7,SessionLog!$E$2:$E$309,"SE_neo4j.Users.displayname",SessionLog!$F$2:$F$309,"M") | DK7: =COUNTIFS(SessionLog!$B$2:$B$309,$A7,SessionLog!$E$2:$E$309,"SE_neo4j.Users.displayname",SessionLog!$F$2:$F$309,"P") | DL7: =COUNTIFS(SessionLog!$B$2:$B$309,$A7,SessionLog!$E$2:$E$309,"SE_neo4j.Users.creationdate",SessionLog!$F$2:$F$309,"M") | DM7: =COUNTIFS(SessionLog!$B$2:$B$309,$A7,SessionLog!$E$2:$E$309,"SE_neo4j.Users.creationdate",SessionLog!$F$2:$F$309,"P") | DN7: =COUNTIFS(SessionLog!$B$2:$B$309,$A7,SessionLog!$E$2:$E$309,"SE_neo4j.Tags.id",SessionLog!$F$2:$F$309,"M") | DO7: =COUNTIFS(SessionLog!$B$2:$B$309,$A7,SessionLog!$E$2:$E$309,"SE_neo4j.Tags.id",SessionLog!$F$2:$F$309,"P") | DP7: =COUNTIFS(SessionLog!$B$2:$B$309,$A7,SessionLog!$E$2:$E$309,"SE_neo4j.Tags.count",SessionLog!$F$2:$F$309,"M") | DQ7: =COUNTIFS(SessionLog!$B$2:$B$309,$A7,SessionLog!$E$2:$E$309,"SE_neo4j.Tags.count",SessionLog!$F$2:$F$309,"P") | DR7: =COUNTIFS(SessionLog!$B$2:$B$309,$A7,SessionLog!$E$2:$E$309,"SE_neo4j.Tags.wikipostid",SessionLog!$F$2:$F$309,"M") | DS7: =COUNTIFS(SessionLog!$B$2:$B$309,$A7,SessionLog!$E$2:$E$309,"SE_neo4j.Tags.wikipostid",SessionLog!$F$2:$F$309,"P") | DT7: =COUNTIFS(SessionLog!$B$2:$B$309,$A7,SessionLog!$E$2:$E$309,"SE_neo4j.Tags.tagname",SessionLog!$F$2:$F$309,"M") | DU7: =COUNTIFS(SessionLog!$B$2:$B$309,$A7,SessionLog!$E$2:$E$309,"SE_neo4j.Tags.tagname",SessionLog!$F$2:$F$309,"P") | DV7: =COUNTIFS(SessionLog!$B$2:$B$309,$A7,SessionLog!$E$2:$E$309,"SE_neo4j.Tags.excerptpostid",SessionLog!$F$2:$F$309,"M") | DW7: =COUNTIFS(SessionLog!$B$2:$B$309,$A7,SessionLog!$E$2:$E$309,"SE_neo4j.Tags.excerptpostid",SessionLog!$F$2:$F$309,"P")
A8: C1 | B8: =COUNTIFS(SessionLog!$B$2:$B$309,$A8,SessionLog!$E$2:$E$309,"SE_mysql.postes.Id",SessionLog!$F$2:$F$309,"M") | C8: =COUNTIFS(SessionLog!$B$2:$B$309,$A8,SessionLog!$E$2:$E$309,"SE_mysql.postes.Id",SessionLog!$F$2:$F$309,"P") | D8: =COUNTIFS(SessionLog!$B$2:$B$309,$A8,SessionLog!$E$2:$E$309,"SE_mysql.postes.PostTypeId",SessionLog!$F$2:$F$309,"M") | E8: =COUNTIFS(SessionLog!$B$2:$B$309,$A8,SessionLog!$E$2:$E$309,"SE_mysql.postes.PostTypeId",SessionLog!$F$2:$F$309,"P") | F8: =COUNTIFS(SessionLog!$B$2:$B$309,$A8,SessionLog!$E$2:$E$309,"SE_mysql.postes.Title",SessionLog!$F$2:$F$309,"M") | G8: =COUNTIFS(SessionLog!$B$2:$B$309,$A8,SessionLog!$E$2:$E$309,"SE_mysql.postes.Title",SessionLog!$F$2:$F$309,"P") | H8: =COUNTIFS(SessionLog!$B$2:$B$309,$A8,SessionLog!$E$2:$E$309,"SE_mysql.postes.OwnerUserId",SessionLog!$F$2:$F$309,"M") | I8: =COUNTIFS(SessionLog!$B$2:$B$309,$A8,SessionLog!$E$2:$E$309,"SE_mysql.postes.OwnerUserId",SessionLog!$F$2:$F$309,"P") | J8: =COUNTIFS(SessionLog!$B$2:$B$309,$A8,SessionLog!$E$2:$E$309,"SE_mysql.postes.ViewCount",SessionLog!$F$2:$F$309,"M") | K8: =COUNTIFS(SessionLog!$B$2:$B$309,$A8,SessionLog!$E$2:$E$309,"SE_mysql.postes.ViewCount",SessionLog!$F$2:$F$309,"P") | L8: =COUNTIFS(SessionLog!$B$2:$B$309,$A8,SessionLog!$E$2:$E$309,"SE_mysql.postes.LastEditDate",SessionLog!$F$2:$F$309,"M") | M8: =COUNTIFS(SessionLog!$B$2:$B$309,$A8,SessionLog!$E$2:$E$309,"SE_mysql.postes.LastEditDate",SessionLog!$F$2:$F$309,"P") | N8: =COUNTIFS(SessionLog!$B$2:$B$309,$A8,SessionLog!$E$2:$E$309,"SE_mysql.postes.LastEditorUserId",SessionLog!$F$2:$F$309,"M") | O8: =COUNTIFS(SessionLog!$B$2:$B$309,$A8,SessionLog!$E$2:$E$309,"SE_mysql.postes.LastEditorUserId",SessionLog!$F$2:$F$309,"P") | P8: =COUNTIFS(SessionLog!$B$2:$B$309,$A8,SessionLog!$E$2:$E$309,"SE_mysql.postes.CreationDate",SessionLog!$F$2:$F$309,"M") | Q8: =COUNTIFS(SessionLog!$B$2:$B$309,$A8,SessionLog!$E$2:$E$309,"SE_mysql.postes.CreationDate",SessionLog!$F$2:$F$309,"P") | R8: =COUNTIFS(SessionLog!$B$2:$B$309,$A8,SessionLog!$E$2:$E$309,"SE_mysql.Posttypes.Id",SessionLog!$F$2:$F$309,"M") | S8: =COUNTIFS(SessionLog!$B$2:$B$309,$A8,SessionLog!$E$2:$E$309,"SE_mysql.Posttypes.Id",SessionLog!$F$2:$F$309,"P") | T8: =COUNTIFS(SessionLog!$B$2:$B$309,$A8,SessionLog!$E$2:$E$309,"SE_mysql.Posttypes.Name",SessionLog!$F$2:$F$309,"M") | U8: =COUNTIFS(SessionLog!$B$2:$B$309,$A8,SessionLog!$E$2:$E$309,"SE_mysql.Posttypes.Name",SessionLog!$F$2:$F$309,"P") | V8: =COUNTIFS(SessionLog!$B$2:$B$309,$A8,SessionLog!$E$2:$E$309,"SE_mysql.Users.Id",SessionLog!$F$2:$F$309,"M") | W8: =COUNTIFS(SessionLog!$B$2:$B$309,$A8,SessionLog!$E$2:$E$309,"SE_mysql.Users.Id",SessionLog!$F$2:$F$309,"P") | X8: =COUNTIFS(SessionLog!$B$2:$B$309,$A8,SessionLog!$E$2:$E$309,"SE_mysql.Users.Views",SessionLog!$F$2:$F$309,"M") | Y8: =COUNTIFS(SessionLog!$B$2:$B$309,$A8,SessionLog!$E$2:$E$309,"SE_mysql.Users.Views",SessionLog!$F$2:$F$309,"P") | Z8: =COUNTIFS(SessionLog!$B$2:$B$309,$A8,SessionLog!$E$2:$E$309,"SE_mysql.Users.UpVotes",SessionLog!$F$2:$F$309,"M") | AA8: =COUNTIFS(SessionLog!$B$2:$B$309,$A8,SessionLog!$E$2:$E$309,"SE_mysql.Users.UpVotes",SessionLog!$F$2:$F$309,"P") | AB8: =COUNTIFS(SessionLog!$B$2:$B$309,$A8,SessionLog!$E$2:$E$309,"SE_mysql.Users.DisplayName",SessionLog!$F$2:$F$309,"M") | AC8: =COUNTIFS(SessionLog!$B$2:$B$309,$A8,SessionLog!$E$2:$E$309,"SE_mysql.Users.DisplayName",SessionLog!$F$2:$F$309,"P") | AD8: =COUNTIFS(SessionLog!$B$2:$B$309,$A8,SessionLog!$E$2:$E$309,"SE_mysql.Users.DownVotes",SessionLog!$F$2:$F$309,"M") | AE8: =COUNTIFS(SessionLog!$B$2:$B$309,$A8,SessionLog!$E$2:$E$309,"SE_mysql.Users.DownVotes",SessionLog!$F$2:$F$309,"P") | AF8: =COUNTIFS(SessionLog!$B$2:$B$309,$A8,SessionLog!$E$2:$E$309,"SE_mysql.Users.LastAccessDate",SessionLog!$F$2:$F$309,"M") | AG8: =COUNTIFS(SessionLog!$B$2:$B$309,$A8,SessionLog!$E$2:$E$309,"SE_mysql.Users.LastAccessDate",SessionLog!$F$2:$F$309,"P") | AH8: =COUNTIFS(SessionLog!$B$2:$B$309,$A8,SessionLog!$E$2:$E$309,"SE_mysql.Users.Reputation",SessionLog!$F$2:$F$309,"M") | AI8: =COUNTIFS(SessionLog!$B$2:$B$309,$A8,SessionLog!$E$2:$E$309,"SE_mysql.Users.Reputation",SessionLog!$F$2:$F$309,"P") | AJ8: =COUNTIFS(SessionLog!$B$2:$B$309,$A8,SessionLog!$E$2:$E$309,"SE_mysql.Flagtypes.Id",SessionLog!$F$2:$F$309,"M") | AK8: =COUNTIFS(SessionLog!$B$2:$B$309,$A8,SessionLog!$E$2:$E$309,"SE_mysql.Flagtypes.Id",SessionLog!$F$2:$F$309,"P") | AL8: =COUNTIFS(SessionLog!$B$2:$B$309,$A8,SessionLog!$E$2:$E$309,"SE_mysql.Flagtypes.Name",SessionLog!$F$2:$F$309,"M") | AM8: =COUNTIFS(SessionLog!$B$2:$B$309,$A8,SessionLog!$E$2:$E$309,"SE_mysql.Flagtypes.Name",SessionLog!$F$2:$F$309,"P") | AN8: =COUNTIFS(SessionLog!$B$2:$B$309,$A8,SessionLog!$E$2:$E$309,"SE_mysql.Votes.Id",SessionLog!$F$2:$F$309,"M") | AO8: =COUNTIFS(SessionLog!$B$2:$B$309,$A8,SessionLog!$E$2:$E$309,"SE_mysql.Votes.Id",SessionLog!$F$2:$F$309,"P") | AP8: =COUNTIFS(SessionLog!$B$2:$B$309,$A8,SessionLog!$E$2:$E$309,"SE_mysql.Votes.UserId",SessionLog!$F$2:$F$309,"M") | AQ8: =COUNTIFS(SessionLog!$B$2:$B$309,$A8,SessionLog!$E$2:$E$309,"SE_mysql.Votes.UserId",SessionLog!$F$2:$F$309,"P") | AR8: =COUNTIFS(SessionLog!$B$2:$B$309,$A8,SessionLog!$E$2:$E$309,"SE_mysql.Votes.BountyAmount",SessionLog!$F$2:$F$309,"M") | AS8: =COUNTIFS(SessionLog!$B$2:$B$309,$A8,SessionLog!$E$2:$E$309,"SE_mysql.Votes.BountyAmount",SessionLog!$F$2:$F$309,"P") | AT8: =COUNTIFS(SessionLog!$B$2:$B$309,$A8,SessionLog!$E$2:$E$309,"SE_mysql.Votes.CreationDate",SessionLog!$F$2:$F$309,"M") | AU8: =COUNTIFS(SessionLog!$B$2:$B$309,$A8,SessionLog!$E$2:$E$309,"SE_mysql.Votes.CreationDate",SessionLog!$F$2:$F$309,"P") | AV8: =COUNTIFS(SessionLog!$B$2:$B$309,$A8,SessionLog!$E$2:$E$309,"SE_mysql.Votes.PostId",SessionLog!$F$2:$F$309,"M") | AW8: =COUNTIFS(SessionLog!$B$2:$B$309,$A8,SessionLog!$E$2:$E$309,"SE_mysql.Votes.PostId",SessionLog!$F$2:$F$309,"P") | AX8: =COUNTIFS(SessionLog!$B$2:$B$309,$A8,SessionLog!$E$2:$E$309,"SE_mysql.Votes.VoteTypeId",SessionLog!$F$2:$F$309,"M") | AY8: =COUNTIFS(SessionLog!$B$2:$B$309,$A8,SessionLog!$E$2:$E$309,"SE_mysql.Votes.VoteTypeId",SessionLog!$F$2:$F$309,"P") | AZ8: =COUNTIFS(SessionLog!$B$2:$B$309,$A8,SessionLog!$E$2:$E$309,"SE_mysql.Votetypes.Id",SessionLog!$F$2:$F$309,"M") | BA8: =COUNTIFS(SessionLog!$B$2:$B$309,$A8,SessionLog!$E$2:$E$309,"SE_mysql.Votetypes.Id",SessionLog!$F$2:$F$309,"P") | BB8: =COUNTIFS(SessionLog!$B$2:$B$309,$A8,SessionLog!$E$2:$E$309,"SE_mysql.Votetypes.Name",SessionLog!$F$2:$F$309,"M") | BC8: =COUNTIFS(SessionLog!$B$2:$B$309,$A8,SessionLog!$E$2:$E$309,"SE_mysql.Votetypes.Name",SessionLog!$F$2:$F$309,"P") | BD8: =COUNTIFS(SessionLog!$B$2:$B$309,$A8,SessionLog!$E$2:$E$309,"SE_mongodb.Badges.Id",SessionLog!$F$2:$F$309,"M") | BE8: =COUNTIFS(SessionLog!$B$2:$B$309,$A8,SessionLog!$E$2:$E$309,"SE_mongodb.Badges.Id",SessionLog!$F$2:$F$309,"P") | BF8: =COUNTIFS(SessionLog!$B$2:$B$309,$A8,SessionLog!$E$2:$E$309,"SE_mongodb.Badges.UserId",SessionLog!$F$2:$F$309,"M") | BG8: =COUNTIFS(SessionLog!$B$2:$B$309,$A8,SessionLog!$E$2:$E$309,"SE_mongodb.Badges.UserId",SessionLog!$F$2:$F$309,"P") | BH8: =COUNTIFS(SessionLog!$B$2:$B$309,$A8,SessionLog!$E$2:$E$309,"SE_mongodb.Badges.Name",SessionLog!$F$2:$F$309,"M") | BI8: =COUNTIFS(SessionLog!$B$2:$B$309,$A8,SessionLog!$E$2:$E$309,"SE_mongodb.Badges.Name",SessionLog!$F$2:$F$309,"P") | BJ8: =COUNTIFS(SessionLog!$B$2:$B$309,$A8,SessionLog!$E$2:$E$309,"SE_mongodb.Badges.Date",SessionLog!$F$2:$F$309,"M") | BK8: =COUNTIFS(SessionLog!$B$2:$B$309,$A8,SessionLog!$E$2:$E$309,"SE_mongodb.Badges.Date",SessionLog!$F$2:$F$309,"P") | BL8: =COUNTIFS(SessionLog!$B$2:$B$309,$A8,SessionLog!$E$2:$E$309,"SE_mongodb.Posts.Id",SessionLog!$F$2:$F$309,"M") | BM8: =COUNTIFS(SessionLog!$B$2:$B$309,$A8,SessionLog!$E$2:$E$309,"SE_mongodb.Posts.Id",SessionLog!$F$2:$F$309,"P") | BN8: =COUNTIFS(SessionLog!$B$2:$B$309,$A8,SessionLog!$E$2:$E$309,"SE_mongodb.Posts.Tags",SessionLog!$F$2:$F$309,"M") | BO8: =COUNTIFS(SessionLog!$B$2:$B$309,$A8,SessionLog!$E$2:$E$309,"SE_mongodb.Posts.Tags",SessionLog!$F$2:$F$309,"P") | BP8: =COUNTIFS(SessionLog!$B$2:$B$309,$A8,SessionLog!$E$2:$E$309,"SE_mongodb.Posts.Body",SessionLog!$F$2:$F$309,"M") | BQ8: =COUNTIFS(SessionLog!$B$2:$B$309,$A8,SessionLog!$E$2:$E$309,"SE_mongodb.Posts.Body",SessionLog!$F$2:$F$309,"P") | BR8: =COUNTIFS(SessionLog!$B$2:$B$309,$A8,SessionLog!$E$2:$E$309,"SE_mongodb.Users.Id",SessionLog!$F$2:$F$309,"M") | BS8: =COUNTIFS(SessionLog!$B$2:$B$309,$A8,SessionLog!$E$2:$E$309,"SE_mongodb.Users.Id",SessionLog!$F$2:$F$309,"P") | BT8: =COUNTIFS(SessionLog!$B$2:$B$309,$A8,SessionLog!$E$2:$E$309,"SE_mongodb.Users.DisplayName",SessionLog!$F$2:$F$309,"M") | BU8: =COUNTIFS(SessionLog!$B$2:$B$309,$A8,SessionLog!$E$2:$E$309,"SE_mongodb.Users.DisplayName",SessionLog!$F$2:$F$309,"P") | BV8: =COUNTIFS(SessionLog!$B$2:$B$309,$A8,SessionLog!$E$2:$E$309,"SE_mongodb.Users.AboutMe",SessionLog!$F$2:$F$309,"M") | BW8: =COUNTIFS(SessionLog!$B$2:$B$309,$A8,SessionLog!$E$2:$E$309,"SE_mongodb.Users.AboutMe",SessionLog!$F$2:$F$309,"P") | BX8: =COUNTIFS(SessionLog!$B$2:$B$309,$A8,SessionLog!$E$2:$E$309,"SE_mongodb.Comments.Id",SessionLog!$F$2:$F$309,"M") | BY8: =COUNTIFS(SessionLog!$B$2:$B$309,$A8,SessionLog!$E$2:$E$309,"SE_mongodb.Comments.Id",SessionLog!$F$2:$F$309,"P") | BZ8: =COUNTIFS(SessionLog!$B$2:$B$309,$A8,SessionLog!$E$2:$E$309,"SE_mongodb.Comments.UserId",SessionLog!$F$2:$F$309,"M") | CA8: =COUNTIFS(SessionLog!$B$2:$B$309,$A8,SessionLog!$E$2:$E$309,"SE_mongodb.Comments.UserId",SessionLog!$F$2:$F$309,"P") | CB8: =COUNTIFS(SessionLog!$B$2:$B$309,$A8,SessionLog!$E$2:$E$309,"SE_mongodb.Comments.Text",SessionLog!$F$2:$F$309,"M") | CC8: =COUNTIFS(SessionLog!$B$2:$B$309,$A8,SessionLog!$E$2:$E$309,"SE_mongodb.Comments.Text",SessionLog!$F$2:$F$309,"P") | CD8: =COUNTIFS(SessionLog!$B$2:$B$309,$A8,SessionLog!$E$2:$E$309,"SE_mongodb.Comments.PostId",SessionLog!$F$2:$F$309,"M") | CE8: =COUNTIFS(SessionLog!$B$2:$B$309,$A8,SessionLog!$E$2:$E$309,"SE_mongodb.Comments.PostId",SessionLog!$F$2:$F$309,"P") | CF8: =COUNTIFS(SessionLog!$B$2:$B$309,$A8,SessionLog!$E$2:$E$309,"SE_neo4j.postlinks.id",SessionLog!$F$2:$F$309,"M") | CG8: =COUNTIFS(SessionLog!$B$2:$B$309,$A8,SessionLog!$E$2:$E$309,"SE_neo4j.postlinks.id",SessionLog!$F$2:$F$309,"P") | CH8: =COUNTIFS(SessionLog!$B$2:$B$309,$A8,SessionLog!$E$2:$E$309,"SE_neo4j.postlinks.LinkTypeId",SessionLog!$F$2:$F$309,"M") | CI8: =COUNTIFS(SessionLog!$B$2:$B$309,$A8,SessionLog!$E$2:$E$309,"SE_neo4j.postlinks.LinkTypeId",SessionLog!$F$2:$F$309,"P") | CJ8: =COUNTIFS(SessionLog!$B$2:$B$309,$A8,SessionLog!$E$2:$E$309,"SE_neo4j.postlinks.RelatedPostId",SessionLog!$F$2:$F$309,"M") | CK8: =COUNTIFS(SessionLog!$B$2:$B$309,$A8,SessionLog!$E$2:$E$309,"SE_neo4j.postlinks.RelatedPostId",SessionLog!$F$2:$F$309,"P") | CL8: =COUNTIFS(SessionLog!$B$2:$B$309,$A8,SessionLog!$E$2:$E$309,"SE_neo4j.postlinks.PostIdd",SessionLog!$F$2:$F$309,"M") | CM8: =COUNTIFS(SessionLog!$B$2:$B$309,$A8,SessionLog!$E$2:$E$309,"SE_neo4j.postlinks.PostIdd",SessionLog!$F$2:$F$309,"P") | CN8: =COUNTIFS(SessionLog!$B$2:$B$309,$A8,SessionLog!$E$2:$E$309,"SE_neo4j.postlinks.CreationDate",SessionLog!$F$2:$F$309,"M") | CO8: =COUNTIFS(SessionLog!$B$2:$B$309,$A8,SessionLog!$E$2:$E$309,"SE_neo4j.postlinks.CreationDate",SessionLog!$F$2:$F$309,"P") | CP8: =COUNTIFS(SessionLog!$B$2:$B$309,$A8,SessionLog!$E$2:$E$309,"SE_neo4j.Posts.id",SessionLog!$F$2:$F$309,"M") | CQ8: =COUNTIFS(SessionLog!$B$2:$B$309,$A8,SessionLog!$E$2:$E$309,"SE_neo4j.Posts.id",SessionLog!$F$2:$F$309,"P") | CR8: =COUNTIFS(SessionLog!$B$2:$B$309,$A8,SessionLog!$E$2:$E$309,"SE_neo4j.Posts.posttypeid",SessionLog!$F$2:$F$309,"M") | CS8: =COUNTIFS(SessionLog!$B$2:$B$309,$A8,SessionLog!$E$2:$E$309,"SE_neo4j.Posts.posttypeid",SessionLog!$F$2:$F$309,"P") | CT8: =COUNTIFS(SessionLog!$B$2:$B$309,$A8,SessionLog!$E$2:$E$309,"SE_neo4j.Posts.parentid",SessionLog!$F$2:$F$309,"M") | CU8: =COUNTIFS(SessionLog!$B$2:$B$309,$A8,SessionLog!$E$2:$E$309,"SE_neo4j.Posts.parentid",SessionLog!$F$2:$F$309,"P") | CV8: =COUNTIFS(SessionLog!$B$2:$B$309,$A8,SessionLog!$E$2:$E$309,"SE_neo4j.Posts.owneruserid",SessionLog!$F$2:$F$309,"M") | CW8: =COUNTIFS(SessionLog!$B$2:$B$309,$A8,SessionLog!$E$2:$E$309,"SE_neo4j.Posts.owneruserid",SessionLog!$F$2:$F$309,"P") | CX8: =COUNTIFS(SessionLog!$B$2:$B$309,$A8,SessionLog!$E$2:$E$309,"SE_neo4j.Posts.acceptedanswerid",SessionLog!$F$2:$F$309,"M") | CY8: =COUNTIFS(SessionLog!$B$2:$B$309,$A8,SessionLog!$E$2:$E$309,"SE_neo4j.Posts.acceptedanswerid",SessionLog!$F$2:$F$309,"P") | CZ8: =COUNTIFS(SessionLog!$B$2:$B$309,$A8,SessionLog!$E$2:$E$309,"SE_neo4j.Comments.id",SessionLog!$F$2:$F$309,"M") | DA8: =COUNTIFS(SessionLog!$B$2:$B$309,$A8,SessionLog!$E$2:$E$309,"SE_neo4j.Comments.id",SessionLog!$F$2:$F$309,"P") | DB8: =COUNTIFS(SessionLog!$B$2:$B$309,$A8,SessionLog!$E$2:$E$309,"SE_neo4j.Comments.creationdate",SessionLog!$F$2:$F$309,"M") | DC8: =COUNTIFS(SessionLog!$B$2:$B$309,$A8,SessionLog!$E$2:$E$309,"SE_neo4j.Comments.creationdate",SessionLog!$F$2:$F$309,"P") | DD8: =COUNTIFS(SessionLog!$B$2:$B$309,$A8,SessionLog!$E$2:$E$309,"SE_neo4j.Comments.score",SessionLog!$F$2:$F$309,"M") | DE8: =COUNTIFS(SessionLog!$B$2:$B$309,$A8,SessionLog!$E$2:$E$309,"SE_neo4j.Comments.score",SessionLog!$F$2:$F$309,"P") | DF8: =COUNTIFS(SessionLog!$B$2:$B$309,$A8,SessionLog!$E$2:$E$309,"SE_neo4j.Users.id",SessionLog!$F$2:$F$309,"M") | DG8: =COUNTIFS(SessionLog!$B$2:$B$309,$A8,SessionLog!$E$2:$E$309,"SE_neo4j.Users.id",SessionLog!$F$2:$F$309,"P") | DH8: =COUNTIFS(SessionLog!$B$2:$B$309,$A8,SessionLog!$E$2:$E$309,"SE_neo4j.Users.accountid",SessionLog!$F$2:$F$309,"M") | DI8: =COUNTIFS(SessionLog!$B$2:$B$309,$A8,SessionLog!$E$2:$E$309,"SE_neo4j.Users.accountid",SessionLog!$F$2:$F$309,"P") | DJ8: =COUNTIFS(SessionLog!$B$2:$B$309,$A8,SessionLog!$E$2:$E$309,"SE_neo4j.Users.displayname",SessionLog!$F$2:$F$309,"M") | DK8: =COUNTIFS(SessionLog!$B$2:$B$309,$A8,SessionLog!$E$2:$E$309,"SE_neo4j.Users.displayname",SessionLog!$F$2:$F$309,"P") | DL8: =COUNTIFS(SessionLog!$B$2:$B$309,$A8,SessionLog!$E$2:$E$309,"SE_neo4j.Users.creationdate",SessionLog!$F$2:$F$309,"M") | DM8: =COUNTIFS(SessionLog!$B$2:$B$309,$A8,SessionLog!$E$2:$E$309,"SE_neo4j.Users.creationdate",SessionLog!$F$2:$F$309,"P") | DN8: =COUNTIFS(SessionLog!$B$2:$B$309,$A8,SessionLog!$E$2:$E$309,"SE_neo4j.Tags.id",SessionLog!$F$2:$F$309,"M") | DO8: =COUNTIFS(SessionLog!$B$2:$B$309,$A8,SessionLog!$E$2:$E$309,"SE_neo4j.Tags.id",SessionLog!$F$2:$F$309,"P") | DP8: =COUNTIFS(SessionLog!$B$2:$B$309,$A8,SessionLog!$E$2:$E$309,"SE_neo4j.Tags.count",SessionLog!$F$2:$F$309,"M") | DQ8: =COUNTIFS(SessionLog!$B$2:$B$309,$A8,SessionLog!$E$2:$E$309,"SE_neo4j.Tags.count",SessionLog!$F$2:$F$309,"P") | DR8: =COUNTIFS(SessionLog!$B$2:$B$309,$A8,SessionLog!$E$2:$E$309,"SE_neo4j.Tags.wikipostid",SessionLog!$F$2:$F$309,"M") | DS8: =COUNTIFS(SessionLog!$B$2:$B$309,$A8,SessionLog!$E$2:$E$309,"SE_neo4j.Tags.wikipostid",SessionLog!$F$2:$F$309,"P") | DT8: =COUNTIFS(SessionLog!$B$2:$B$309,$A8,SessionLog!$E$2:$E$309,"SE_neo4j.Tags.tagname",SessionLog!$F$2:$F$309,"M") | DU8: =COUNTIFS(SessionLog!$B$2:$B$309,$A8,SessionLog!$E$2:$E$309,"SE_neo4j.Tags.tagname",SessionLog!$F$2:$F$309,"P") | DV8: =COUNTIFS(SessionLog!$B$2:$B$309,$A8,SessionLog!$E$2:$E$309,"SE_neo4j.Tags.excerptpostid",SessionLog!$F$2:$F$309,"M") | DW8: =COUNTIFS(SessionLog!$B$2:$B$309,$A8,SessionLog!$E$2:$E$309,"SE_neo4j.Tags.excerptpostid",SessionLog!$F$2:$F$309,"P")
A9: C2 | B9: =COUNTIFS(SessionLog!$B$2:$B$309,$A9,SessionLog!$E$2:$E$309,"SE_mysql.postes.Id",SessionLog!$F$2:$F$309,"M") | C9: =COUNTIFS(SessionLog!$B$2:$B$309,$A9,SessionLog!$E$2:$E$309,"SE_mysql.postes.Id",SessionLog!$F$2:$F$309,"P") | D9: =COUNTIFS(SessionLog!$B$2:$B$309,$A9,SessionLog!$E$2:$E$309,"SE_mysql.postes.PostTypeId",SessionLog!$F$2:$F$309,"M") | E9: =COUNTIFS(SessionLog!$B$2:$B$309,$A9,SessionLog!$E$2:$E$309,"SE_mysql.postes.PostTypeId",SessionLog!$F$2:$F$309,"P") | F9: =COUNTIFS(SessionLog!$B$2:$B$309,$A9,SessionLog!$E$2:$E$309,"SE_mysql.postes.Title",SessionLog!$F$2:$F$309,"M") | G9: =COUNTIFS(SessionLog!$B$2:$B$309,$A9,SessionLog!$E$2:$E$309,"SE_mysql.postes.Title",SessionLog!$F$2:$F$309,"P") | H9: =COUNTIFS(SessionLog!$B$2:$B$309,$A9,SessionLog!$E$2:$E$309,"SE_mysql.postes.OwnerUserId",SessionLog!$F$2:$F$309,"M") | I9: =COUNTIFS(SessionLog!$B$2:$B$309,$A9,SessionLog!$E$2:$E$309,"SE_mysql.postes.OwnerUserId",SessionLog!$F$2:$F$309,"P") | J9: =COUNTIFS(SessionLog!$B$2:$B$309,$A9,SessionLog!$E$2:$E$309,"SE_mysql.postes.ViewCount",SessionLog!$F$2:$F$309,"M") | K9: =COUNTIFS(SessionLog!$B$2:$B$309,$A9,SessionLog!$E$2:$E$309,"SE_mysql.postes.ViewCount",SessionLog!$F$2:$F$309,"P") | L9: =COUNTIFS(SessionLog!$B$2:$B$309,$A9,SessionLog!$E$2:$E$309,"SE_mysql.postes.LastEditDate",SessionLog!$F$2:$F$309,"M") | M9: =COUNTIFS(SessionLog!$B$2:$B$309,$A9,SessionLog!$E$2:$E$309,"SE_mysql.postes.LastEditDate",SessionLog!$F$2:$F$309,"P") | N9: =COUNTIFS(SessionLog!$B$2:$B$309,$A9,SessionLog!$E$2:$E$309,"SE_mysql.postes.LastEditorUserId",SessionLog!$F$2:$F$309,"M") | O9: =COUNTIFS(SessionLog!$B$2:$B$309,$A9,SessionLog!$E$2:$E$309,"SE_mysql.postes.LastEditorUserId",SessionLog!$F$2:$F$309,"P") | P9: =COUNTIFS(SessionLog!$B$2:$B$309,$A9,SessionLog!$E$2:$E$309,"SE_mysql.postes.CreationDate",SessionLog!$F$2:$F$309,"M") | Q9: =COUNTIFS(SessionLog!$B$2:$B$309,$A9,SessionLog!$E$2:$E$309,"SE_mysql.postes.CreationDate",SessionLog!$F$2:$F$309,"P") | R9: =COUNTIFS(SessionLog!$B$2:$B$309,$A9,SessionLog!$E$2:$E$309,"SE_mysql.Posttypes.Id",SessionLog!$F$2:$F$309,"M") | S9: =COUNTIFS(SessionLog!$B$2:$B$309,$A9,SessionLog!$E$2:$E$309,"SE_mysql.Posttypes.Id",SessionLog!$F$2:$F$309,"P") | T9: =COUNTIFS(SessionLog!$B$2:$B$309,$A9,SessionLog!$E$2:$E$309,"SE_mysql.Posttypes.Name",SessionLog!$F$2:$F$309,"M") | U9: =COUNTIFS(SessionLog!$B$2:$B$309,$A9,SessionLog!$E$2:$E$309,"SE_mysql.Posttypes.Name",SessionLog!$F$2:$F$309,"P") | V9: =COUNTIFS(SessionLog!$B$2:$B$309,$A9,SessionLog!$E$2:$E$309,"SE_mysql.Users.Id",SessionLog!$F$2:$F$309,"M") | W9: =COUNTIFS(SessionLog!$B$2:$B$309,$A9,SessionLog!$E$2:$E$309,"SE_mysql.Users.Id",SessionLog!$F$2:$F$309,"P") | X9: =COUNTIFS(SessionLog!$B$2:$B$309,$A9,SessionLog!$E$2:$E$309,"SE_mysql.Users.Views",SessionLog!$F$2:$F$309,"M") | Y9: =COUNTIFS(SessionLog!$B$2:$B$309,$A9,SessionLog!$E$2:$E$309,"SE_mysql.Users.Views",SessionLog!$F$2:$F$309,"P") | Z9: =COUNTIFS(SessionLog!$B$2:$B$309,$A9,SessionLog!$E$2:$E$309,"SE_mysql.Users.UpVotes",SessionLog!$F$2:$F$309,"M") | AA9: =COUNTIFS(SessionLog!$B$2:$B$309,$A9,SessionLog!$E$2:$E$309,"SE_mysql.Users.UpVotes",SessionLog!$F$2:$F$309,"P") | AB9: =COUNTIFS(SessionLog!$B$2:$B$309,$A9,SessionLog!$E$2:$E$309,"SE_mysql.Users.DisplayName",SessionLog!$F$2:$F$309,"M") | AC9: =COUNTIFS(SessionLog!$B$2:$B$309,$A9,SessionLog!$E$2:$E$309,"SE_mysql.Users.DisplayName",SessionLog!$F$2:$F$309,"P") | AD9: =COUNTIFS(SessionLog!$B$2:$B$309,$A9,SessionLog!$E$2:$E$309,"SE_mysql.Users.DownVotes",SessionLog!$F$2:$F$309,"M") | AE9: =COUNTIFS(SessionLog!$B$2:$B$309,$A9,SessionLog!$E$2:$E$309,"SE_mysql.Users.DownVotes",SessionLog!$F$2:$F$309,"P") | AF9: =COUNTIFS(SessionLog!$B$2:$B$309,$A9,SessionLog!$E$2:$E$309,"SE_mysql.Users.LastAccessDate",SessionLog!$F$2:$F$309,"M") | AG9: =COUNTIFS(SessionLog!$B$2:$B$309,$A9,SessionLog!$E$2:$E$309,"SE_mysql.Users.LastAccessDate",SessionLog!$F$2:$F$309,"P") | AH9: =COUNTIFS(SessionLog!$B$2:$B$309,$A9,SessionLog!$E$2:$E$309,"SE_mysql.Users.Reputation",SessionLog!$F$2:$F$309,"M") | AI9: =COUNTIFS(SessionLog!$B$2:$B$309,$A9,SessionLog!$E$2:$E$309,"SE_mysql.Users.Reputation",SessionLog!$F$2:$F$309,"P") | AJ9: =COUNTIFS(SessionLog!$B$2:$B$309,$A9,SessionLog!$E$2:$E$309,"SE_mysql.Flagtypes.Id",SessionLog!$F$2:$F$309,"M") | AK9: =COUNTIFS(SessionLog!$B$2:$B$309,$A9,SessionLog!$E$2:$E$309,"SE_mysql.Flagtypes.Id",SessionLog!$F$2:$F$309,"P") | AL9: =COUNTIFS(SessionLog!$B$2:$B$309,$A9,SessionLog!$E$2:$E$309,"SE_mysql.Flagtypes.Name",SessionLog!$F$2:$F$309,"M") | AM9: =COUNTIFS(SessionLog!$B$2:$B$309,$A9,SessionLog!$E$2:$E$309,"SE_mysql.Flagtypes.Name",SessionLog!$F$2:$F$309,"P") | AN9: =COUNTIFS(SessionLog!$B$2:$B$309,$A9,SessionLog!$E$2:$E$309,"SE_mysql.Votes.Id",SessionLog!$F$2:$F$309,"M") | AO9: =COUNTIFS(SessionLog!$B$2:$B$309,$A9,SessionLog!$E$2:$E$309,"SE_mysql.Votes.Id",SessionLog!$F$2:$F$309,"P") | AP9: =COUNTIFS(SessionLog!$B$2:$B$309,$A9,SessionLog!$E$2:$E$309,"SE_mysql.Votes.UserId",SessionLog!$F$2:$F$309,"M") | AQ9: =COUNTIFS(SessionLog!$B$2:$B$309,$A9,SessionLog!$E$2:$E$309,"SE_mysql.Votes.UserId",SessionLog!$F$2:$F$309,"P") | AR9: =COUNTIFS(SessionLog!$B$2:$B$309,$A9,SessionLog!$E$2:$E$309,"SE_mysql.Votes.BountyAmount",SessionLog!$F$2:$F$309,"M") | AS9: =COUNTIFS(SessionLog!$B$2:$B$309,$A9,SessionLog!$E$2:$E$309,"SE_mysql.Votes.BountyAmount",SessionLog!$F$2:$F$309,"P") | AT9: =COUNTIFS(SessionLog!$B$2:$B$309,$A9,SessionLog!$E$2:$E$309,"SE_mysql.Votes.CreationDate",SessionLog!$F$2:$F$309,"M") | AU9: =COUNTIFS(SessionLog!$B$2:$B$309,$A9,SessionLog!$E$2:$E$309,"SE_mysql.Votes.CreationDate",SessionLog!$F$2:$F$309,"P") | AV9: =COUNTIFS(SessionLog!$B$2:$B$309,$A9,SessionLog!$E$2:$E$309,"SE_mysql.Votes.PostId",SessionLog!$F$2:$F$309,"M") | AW9: =COUNTIFS(SessionLog!$B$2:$B$309,$A9,SessionLog!$E$2:$E$309,"SE_mysql.Votes.PostId",SessionLog!$F$2:$F$309,"P") | AX9: =COUNTIFS(SessionLog!$B$2:$B$309,$A9,SessionLog!$E$2:$E$309,"SE_mysql.Votes.VoteTypeId",SessionLog!$F$2:$F$309,"M") | AY9: =COUNTIFS(SessionLog!$B$2:$B$309,$A9,SessionLog!$E$2:$E$309,"SE_mysql.Votes.VoteTypeId",SessionLog!$F$2:$F$309,"P") | AZ9: =COUNTIFS(SessionLog!$B$2:$B$309,$A9,SessionLog!$E$2:$E$309,"SE_mysql.Votetypes.Id",SessionLog!$F$2:$F$309,"M") | BA9: =COUNTIFS(SessionLog!$B$2:$B$309,$A9,SessionLog!$E$2:$E$309,"SE_mysql.Votetypes.Id",SessionLog!$F$2:$F$309,"P") | BB9: =COUNTIFS(SessionLog!$B$2:$B$309,$A9,SessionLog!$E$2:$E$309,"SE_mysql.Votetypes.Name",SessionLog!$F$2:$F$309,"M") | BC9: =COUNTIFS(SessionLog!$B$2:$B$309,$A9,SessionLog!$E$2:$E$309,"SE_mysql.Votetypes.Name",SessionLog!$F$2:$F$309,"P") | BD9: =COUNTIFS(SessionLog!$B$2:$B$309,$A9,SessionLog!$E$2:$E$309,"SE_mongodb.Badges.Id",SessionLog!$F$2:$F$309,"M") | BE9: =COUNTIFS(SessionLog!$B$2:$B$309,$A9,SessionLog!$E$2:$E$309,"SE_mongodb.Badges.Id",SessionLog!$F$2:$F$309,"P") | BF9: =COUNTIFS(SessionLog!$B$2:$B$309,$A9,SessionLog!$E$2:$E$309,"SE_mongodb.Badges.UserId",SessionLog!$F$2:$F$309,"M") | BG9: =COUNTIFS(SessionLog!$B$2:$B$309,$A9,SessionLog!$E$2:$E$309,"SE_mongodb.Badges.UserId",SessionLog!$F$2:$F$309,"P") | BH9: =COUNTIFS(SessionLog!$B$2:$B$309,$A9,SessionLog!$E$2:$E$309,"SE_mongodb.Badges.Name",SessionLog!$F$2:$F$309,"M") | BI9: =COUNTIFS(SessionLog!$B$2:$B$309,$A9,SessionLog!$E$2:$E$309,"SE_mongodb.Badges.Name",SessionLog!$F$2:$F$309,"P") | BJ9: =COUNTIFS(SessionLog!$B$2:$B$309,$A9,SessionLog!$E$2:$E$309,"SE_mongodb.Badges.Date",SessionLog!$F$2:$F$309,"M") | BK9: =COUNTIFS(SessionLog!$B$2:$B$309,$A9,SessionLog!$E$2:$E$309,"SE_mongodb.Badges.Date",SessionLog!$F$2:$F$309,"P") | BL9: =COUNTIFS(SessionLog!$B$2:$B$309,$A9,SessionLog!$E$2:$E$309,"SE_mongodb.Posts.Id",SessionLog!$F$2:$F$309,"M") | BM9: =COUNTIFS(SessionLog!$B$2:$B$309,$A9,SessionLog!$E$2:$E$309,"SE_mongodb.Posts.Id",SessionLog!$F$2:$F$309,"P") | BN9: =COUNTIFS(SessionLog!$B$2:$B$309,$A9,SessionLog!$E$2:$E$309,"SE_mongodb.Posts.Tags",SessionLog!$F$2:$F$309,"M") | BO9: =COUNTIFS(SessionLog!$B$2:$B$309,$A9,SessionLog!$E$2:$E$309,"SE_mongodb.Posts.Tags",SessionLog!$F$2:$F$309,"P") | BP9: =COUNTIFS(SessionLog!$B$2:$B$309,$A9,SessionLog!$E$2:$E$309,"SE_mongodb.Posts.Body",SessionLog!$F$2:$F$309,"M") | BQ9: =COUNTIFS(SessionLog!$B$2:$B$309,$A9,SessionLog!$E$2:$E$309,"SE_mongodb.Posts.Body",SessionLog!$F$2:$F$309,"P") | BR9: =COUNTIFS(SessionLog!$B$2:$B$309,$A9,SessionLog!$E$2:$E$309,"SE_mongodb.Users.Id",SessionLog!$F$2:$F$309,"M") | BS9: =COUNTIFS(SessionLog!$B$2:$B$309,$A9,SessionLog!$E$2:$E$309,"SE_mongodb.Users.Id",SessionLog!$F$2:$F$309,"P") | BT9: =COUNTIFS(SessionLog!$B$2:$B$309,$A9,SessionLog!$E$2:$E$309,"SE_mongodb.Users.DisplayName",SessionLog!$F$2:$F$309,"M") | BU9: =COUNTIFS(SessionLog!$B$2:$B$309,$A9,SessionLog!$E$2:$E$309,"SE_mongodb.Users.DisplayName",SessionLog!$F$2:$F$309,"P") | BV9: =COUNTIFS(SessionLog!$B$2:$B$309,$A9,SessionLog!$E$2:$E$309,"SE_mongodb.Users.AboutMe",SessionLog!$F$2:$F$309,"M") | BW9: =COUNTIFS(SessionLog!$B$2:$B$309,$A9,SessionLog!$E$2:$E$309,"SE_mongodb.Users.AboutMe",SessionLog!$F$2:$F$309,"P") | BX9: =COUNTIFS(SessionLog!$B$2:$B$309,$A9,SessionLog!$E$2:$E$309,"SE_mongodb.Comments.Id",SessionLog!$F$2:$F$309,"M") | BY9: =COUNTIFS(SessionLog!$B$2:$B$309,$A9,SessionLog!$E$2:$E$309,"SE_mongodb.Comments.Id",SessionLog!$F$2:$F$309,"P") | BZ9: =COUNTIFS(SessionLog!$B$2:$B$309,$A9,SessionLog!$E$2:$E$309,"SE_mongodb.Comments.UserId",SessionLog!$F$2:$F$309,"M") | CA9: =COUNTIFS(SessionLog!$B$2:$B$309,$A9,SessionLog!$E$2:$E$309,"SE_mongodb.Comments.UserId",SessionLog!$F$2:$F$309,"P") | CB9: =COUNTIFS(SessionLog!$B$2:$B$309,$A9,SessionLog!$E$2:$E$309,"SE_mongodb.Comments.Text",SessionLog!$F$2:$F$309,"M") | CC9: =COUNTIFS(SessionLog!$B$2:$B$309,$A9,SessionLog!$E$2:$E$309,"SE_mongodb.Comments.Text",SessionLog!$F$2:$F$309,"P") | CD9: =COUNTIFS(SessionLog!$B$2:$B$309,$A9,SessionLog!$E$2:$E$309,"SE_mongodb.Comments.PostId",SessionLog!$F$2:$F$309,"M") | CE9: =COUNTIFS(SessionLog!$B$2:$B$309,$A9,SessionLog!$E$2:$E$309,"SE_mongodb.Comments.PostId",SessionLog!$F$2:$F$309,"P") | CF9: =COUNTIFS(SessionLog!$B$2:$B$309,$A9,SessionLog!$E$2:$E$309,"SE_neo4j.postlinks.id",SessionLog!$F$2:$F$309,"M") | CG9: =COUNTIFS(SessionLog!$B$2:$B$309,$A9,SessionLog!$E$2:$E$309,"SE_neo4j.postlinks.id",SessionLog!$F$2:$F$309,"P") | CH9: =COUNTIFS(SessionLog!$B$2:$B$309,$A9,SessionLog!$E$2:$E$309,"SE_neo4j.postlinks.LinkTypeId",SessionLog!$F$2:$F$309,"M") | CI9: =COUNTIFS(SessionLog!$B$2:$B$309,$A9,SessionLog!$E$2:$E$309,"SE_neo4j.postlinks.LinkTypeId",SessionLog!$F$2:$F$309,"P") | CJ9: =COUNTIFS(SessionLog!$B$2:$B$309,$A9,SessionLog!$E$2:$E$309,"SE_neo4j.postlinks.RelatedPostId",SessionLog!$F$2:$F$309,"M") | CK9: =COUNTIFS(SessionLog!$B$2:$B$309,$A9,SessionLog!$E$2:$E$309,"SE_neo4j.postlinks.RelatedPostId",SessionLog!$F$2:$F$309,"P") | CL9: =COUNTIFS(SessionLog!$B$2:$B$309,$A9,SessionLog!$E$2:$E$309,"SE_neo4j.postlinks.PostIdd",SessionLog!$F$2:$F$309,"M") | CM9: =COUNTIFS(SessionLog!$B$2:$B$309,$A9,SessionLog!$E$2:$E$309,"SE_neo4j.postlinks.PostIdd",SessionLog!$F$2:$F$309,"P") | CN9: =COUNTIFS(SessionLog!$B$2:$B$309,$A9,SessionLog!$E$2:$E$309,"SE_neo4j.postlinks.CreationDate",SessionLog!$F$2:$F$309,"M") | CO9: =COUNTIFS(SessionLog!$B$2:$B$309,$A9,SessionLog!$E$2:$E$309,"SE_neo4j.postlinks.CreationDate",SessionLog!$F$2:$F$309,"P") | CP9: =COUNTIFS(SessionLog!$B$2:$B$309,$A9,SessionLog!$E$2:$E$309,"SE_neo4j.Posts.id",SessionLog!$F$2:$F$309,"M") | CQ9: =COUNTIFS(SessionLog!$B$2:$B$309,$A9,SessionLog!$E$2:$E$309,"SE_neo4j.Posts.id",SessionLog!$F$2:$F$309,"P") | CR9: =COUNTIFS(SessionLog!$B$2:$B$309,$A9,SessionLog!$E$2:$E$309,"SE_neo4j.Posts.posttypeid",SessionLog!$F$2:$F$309,"M") | CS9: =COUNTIFS(SessionLog!$B$2:$B$309,$A9,SessionLog!$E$2:$E$309,"SE_neo4j.Posts.posttypeid",SessionLog!$F$2:$F$309,"P") | CT9: =COUNTIFS(SessionLog!$B$2:$B$309,$A9,SessionLog!$E$2:$E$309,"SE_neo4j.Posts.parentid",SessionLog!$F$2:$F$309,"M") | CU9: =COUNTIFS(SessionLog!$B$2:$B$309,$A9,SessionLog!$E$2:$E$309,"SE_neo4j.Posts.parentid",SessionLog!$F$2:$F$309,"P") | CV9: =COUNTIFS(SessionLog!$B$2:$B$309,$A9,SessionLog!$E$2:$E$309,"SE_neo4j.Posts.owneruserid",SessionLog!$F$2:$F$309,"M") | CW9: =COUNTIFS(SessionLog!$B$2:$B$309,$A9,SessionLog!$E$2:$E$309,"SE_neo4j.Posts.owneruserid",SessionLog!$F$2:$F$309,"P") | CX9: =COUNTIFS(SessionLog!$B$2:$B$309,$A9,SessionLog!$E$2:$E$309,"SE_neo4j.Posts.acceptedanswerid",SessionLog!$F$2:$F$309,"M") | CY9: =COUNTIFS(SessionLog!$B$2:$B$309,$A9,SessionLog!$E$2:$E$309,"SE_neo4j.Posts.acceptedanswerid",SessionLog!$F$2:$F$309,"P") | CZ9: =COUNTIFS(SessionLog!$B$2:$B$309,$A9,SessionLog!$E$2:$E$309,"SE_neo4j.Comments.id",SessionLog!$F$2:$F$309,"M") | DA9: =COUNTIFS(SessionLog!$B$2:$B$309,$A9,SessionLog!$E$2:$E$309,"SE_neo4j.Comments.id",SessionLog!$F$2:$F$309,"P") | DB9: =COUNTIFS(SessionLog!$B$2:$B$309,$A9,SessionLog!$E$2:$E$309,"SE_neo4j.Comments.creationdate",SessionLog!$F$2:$F$309,"M") | DC9: =COUNTIFS(SessionLog!$B$2:$B$309,$A9,SessionLog!$E$2:$E$309,"SE_neo4j.Comments.creationdate",SessionLog!$F$2:$F$309,"P") | DD9: =COUNTIFS(SessionLog!$B$2:$B$309,$A9,SessionLog!$E$2:$E$309,"SE_neo4j.Comments.score",SessionLog!$F$2:$F$309,"M") | DE9: =COUNTIFS(SessionLog!$B$2:$B$309,$A9,SessionLog!$E$2:$E$309,"SE_neo4j.Comments.score",SessionLog!$F$2:$F$309,"P") | DF9: =COUNTIFS(SessionLog!$B$2:$B$309,$A9,SessionLog!$E$2:$E$309,"SE_neo4j.Users.id",SessionLog!$F$2:$F$309,"M") | DG9: =COUNTIFS(SessionLog!$B$2:$B$309,$A9,SessionLog!$E$2:$E$309,"SE_neo4j.Users.id",SessionLog!$F$2:$F$309,"P") | DH9: =COUNTIFS(SessionLog!$B$2:$B$309,$A9,SessionLog!$E$2:$E$309,"SE_neo4j.Users.accountid",SessionLog!$F$2:$F$309,"M") | DI9: =COUNTIFS(SessionLog!$B$2:$B$309,$A9,SessionLog!$E$2:$E$309,"SE_neo4j.Users.accountid",SessionLog!$F$2:$F$309,"P") | DJ9: =COUNTIFS(SessionLog!$B$2:$B$309,$A9,SessionLog!$E$2:$E$309,"SE_neo4j.Users.displayname",SessionLog!$F$2:$F$309,"M") | DK9: =COUNTIFS(SessionLog!$B$2:$B$309,$A9,SessionLog!$E$2:$E$309,"SE_neo4j.Users.displayname",SessionLog!$F$2:$F$309,"P") | DL9: =COUNTIFS(SessionLog!$B$2:$B$309,$A9,SessionLog!$E$2:$E$309,"SE_neo4j.Users.creationdate",SessionLog!$F$2:$F$309,"M") | DM9: =COUNTIFS(SessionLog!$B$2:$B$309,$A9,SessionLog!$E$2:$E$309,"SE_neo4j.Users.creationdate",SessionLog!$F$2:$F$309,"P") | DN9: =COUNTIFS(SessionLog!$B$2:$B$309,$A9,SessionLog!$E$2:$E$309,"SE_neo4j.Tags.id",SessionLog!$F$2:$F$309,"M") | DO9: =COUNTIFS(SessionLog!$B$2:$B$309,$A9,SessionLog!$E$2:$E$309,"SE_neo4j.Tags.id",SessionLog!$F$2:$F$309,"P") | DP9: =COUNTIFS(SessionLog!$B$2:$B$309,$A9,SessionLog!$E$2:$E$309,"SE_neo4j.Tags.count",SessionLog!$F$2:$F$309,"M") | DQ9: =COUNTIFS(SessionLog!$B$2:$B$309,$A9,SessionLog!$E$2:$E$309,"SE_neo4j.Tags.count",SessionLog!$F$2:$F$309,"P") | DR9: =COUNTIFS(SessionLog!$B$2:$B$309,$A9,SessionLog!$E$2:$E$309,"SE_neo4j.Tags.wikipostid",SessionLog!$F$2:$F$309,"M") | DS9: =COUNTIFS(SessionLog!$B$2:$B$309,$A9,SessionLog!$E$2:$E$309,"SE_neo4j.Tags.wikipostid",SessionLog!$F$2:$F$309,"P") | DT9: =COUNTIFS(SessionLog!$B$2:$B$309,$A9,SessionLog!$E$2:$E$309,"SE_neo4j.Tags.tagname",SessionLog!$F$2:$F$309,"M") | DU9: =COUNTIFS(SessionLog!$B$2:$B$309,$A9,SessionLog!$E$2:$E$309,"SE_neo4j.Tags.tagname",SessionLog!$F$2:$F$309,"P") | DV9: =COUNTIFS(SessionLog!$B$2:$B$309,$A9,SessionLog!$E$2:$E$309,"SE_neo4j.Tags.excerptpostid",SessionLog!$F$2:$F$309,"M") | DW9: =COUNTIFS(SessionLog!$B$2:$B$309,$A9,SessionLog!$E$2:$E$309,"SE_neo4j.Tags.excerptpostid",SessionLog!$F$2:$F$309,"P")
A10: C3 | B10: =COUNTIFS(SessionLog!$B$2:$B$309,$A10,SessionLog!$E$2:$E$309,"SE_mysql.postes.Id",SessionLog!$F$2:$F$309,"M") | C10: =COUNTIFS(SessionLog!$B$2:$B$309,$A10,SessionLog!$E$2:$E$309,"SE_mysql.postes.Id",SessionLog!$F$2:$F$309,"P") | D10: =COUNTIFS(SessionLog!$B$2:$B$309,$A10,SessionLog!$E$2:$E$309,"SE_mysql.postes.PostTypeId",SessionLog!$F$2:$F$309,"M") | E10: =COUNTIFS(SessionLog!$B$2:$B$309,$A10,SessionLog!$E$2:$E$309,"SE_mysql.postes.PostTypeId",SessionLog!$F$2:$F$309,"P") | F10: =COUNTIFS(SessionLog!$B$2:$B$309,$A10,SessionLog!$E$2:$E$309,"SE_mysql.postes.Title",SessionLog!$F$2:$F$309,"M") | G10: =COUNTIFS(SessionLog!$B$2:$B$309,$A10,SessionLog!$E$2:$E$309,"SE_mysql.postes.Title",SessionLog!$F$2:$F$309,"P") | H10: =COUNTIFS(SessionLog!$B$2:$B$309,$A10,SessionLog!$E$2:$E$309,"SE_mysql.postes.OwnerUserId",SessionLog!$F$2:$F$309,"M") | I10: =COUNTIFS(SessionLog!$B$2:$B$309,$A10,SessionLog!$E$2:$E$309,"SE_mysql.postes.OwnerUserId",SessionLog!$F$2:$F$309,"P") | J10: =COUNTIFS(SessionLog!$B$2:$B$309,$A10,SessionLog!$E$2:$E$309,"SE_mysql.postes.ViewCount",SessionLog!$F$2:$F$309,"M") | K10: =COUNTIFS(SessionLog!$B$2:$B$309,$A10,SessionLog!$E$2:$E$309,"SE_mysql.postes.ViewCount",SessionLog!$F$2:$F$309,"P") | L10: =COUNTIFS(SessionLog!$B$2:$B$309,$A10,SessionLog!$E$2:$E$309,"SE_mysql.postes.LastEditDate",SessionLog!$F$2:$F$309,"M") | M10: =COUNTIFS(SessionLog!$B$2:$B$309,$A10,SessionLog!$E$2:$E$309,"SE_mysql.postes.LastEditDate",SessionLog!$F$2:$F$309,"P") | N10: =COUNTIFS(SessionLog!$B$2:$B$309,$A10,SessionLog!$E$2:$E$309,"SE_mysql.postes.LastEditorUserId",SessionLog!$F$2:$F$309,"M") | O10: =COUNTIFS(SessionLog!$B$2:$B$309,$A10,SessionLog!$E$2:$E$309,"SE_mysql.postes.LastEditorUserId",SessionLog!$F$2:$F$309,"P") | P10: =COUNTIFS(SessionLog!$B$2:$B$309,$A10,SessionLog!$E$2:$E$309,"SE_mysql.postes.CreationDate",SessionLog!$F$2:$F$309,"M") | Q10: =COUNTIFS(SessionLog!$B$2:$B$309,$A10,SessionLog!$E$2:$E$309,"SE_mysql.postes.CreationDate",SessionLog!$F$2:$F$309,"P") | R10: =COUNTIFS(SessionLog!$B$2:$B$309,$A10,SessionLog!$E$2:$E$309,"SE_mysql.Posttypes.Id",SessionLog!$F$2:$F$309,"M") | S10: =COUNTIFS(SessionLog!$B$2:$B$309,$A10,SessionLog!$E$2:$E$309,"SE_mysql.Posttypes.Id",SessionLog!$F$2:$F$309,"P") | T10: =COUNTIFS(SessionLog!$B$2:$B$309,$A10,SessionLog!$E$2:$E$309,"SE_mysql.Posttypes.Name",SessionLog!$F$2:$F$309,"M") | U10: =COUNTIFS(SessionLog!$B$2:$B$309,$A10,SessionLog!$E$2:$E$309,"SE_mysql.Posttypes.Name",SessionLog!$F$2:$F$309,"P") | V10: =COUNTIFS(SessionLog!$B$2:$B$309,$A10,SessionLog!$E$2:$E$309,"SE_mysql.Users.Id",SessionLog!$F$2:$F$309,"M") | W10: =COUNTIFS(SessionLog!$B$2:$B$309,$A10,SessionLog!$E$2:$E$309,"SE_mysql.Users.Id",SessionLog!$F$2:$F$309,"P") | X10: =COUNTIFS(SessionLog!$B$2:$B$309,$A10,SessionLog!$E$2:$E$309,"SE_mysql.Users.Views",SessionLog!$F$2:$F$309,"M") | Y10: =COUNTIFS(SessionLog!$B$2:$B$309,$A10,SessionLog!$E$2:$E$309,"SE_mysql.Users.Views",SessionLog!$F$2:$F$309,"P") | Z10: =COUNTIFS(SessionLog!$B$2:$B$309,$A10,SessionLog!$E$2:$E$309,"SE_mysql.Users.UpVotes",SessionLog!$F$2:$F$309,"M") | AA10: =COUNTIFS(SessionLog!$B$2:$B$309,$A10,SessionLog!$E$2:$E$309,"SE_mysql.Users.UpVotes",SessionLog!$F$2:$F$309,"P") | AB10: =COUNTIFS(SessionLog!$B$2:$B$309,$A10,SessionLog!$E$2:$E$309,"SE_mysql.Users.DisplayName",SessionLog!$F$2:$F$309,"M") | AC10: =COUNTIFS(SessionLog!$B$2:$B$309,$A10,SessionLog!$E$2:$E$309,"SE_mysql.Users.DisplayName",SessionLog!$F$2:$F$309,"P") | AD10: =COUNTIFS(SessionLog!$B$2:$B$309,$A10,SessionLog!$E$2:$E$309,"SE_mysql.Users.DownVotes",SessionLog!$F$2:$F$309,"M") | AE10: =COUNTIFS(SessionLog!$B$2:$B$309,$A10,SessionLog!$E$2:$E$309,"SE_mysql.Users.DownVotes",SessionLog!$F$2:$F$309,"P") | AF10: =COUNTIFS(SessionLog!$B$2:$B$309,$A10,SessionLog!$E$2:$E$309,"SE_mysql.Users.LastAccessDate",SessionLog!$F$2:$F$309,"M") | AG10: =COUNTIFS(SessionLog!$B$2:$B$309,$A10,SessionLog!$E$2:$E$309,"SE_mysql.Users.LastAccessDate",SessionLog!$F$2:$F$309,"P") | AH10: =COUNTIFS(SessionLog!$B$2:$B$309,$A10,SessionLog!$E$2:$E$309,"SE_mysql.Users.Reputation",SessionLog!$F$2:$F$309,"M") | AI10: =COUNTIFS(SessionLog!$B$2:$B$309,$A10,SessionLog!$E$2:$E$309,"SE_mysql.Users.Reputation",SessionLog!$F$2:$F$309,"P") | AJ10: =COUNTIFS(SessionLog!$B$2:$B$309,$A10,SessionLog!$E$2:$E$309,"SE_mysql.Flagtypes.Id",SessionLog!$F$2:$F$309,"M") | AK10: =COUNTIFS(SessionLog!$B$2:$B$309,$A10,SessionLog!$E$2:$E$309,"SE_mysql.Flagtypes.Id",SessionLog!$F$2:$F$309,"P") | AL10: =COUNTIFS(SessionLog!$B$2:$B$309,$A10,SessionLog!$E$2:$E$309,"SE_mysql.Flagtypes.Name",SessionLog!$F$2:$F$309,"M") | AM10: =COUNTIFS(SessionLog!$B$2:$B$309,$A10,SessionLog!$E$2:$E$309,"SE_mysql.Flagtypes.Name",SessionLog!$F$2:$F$309,"P") | AN10: =COUNTIFS(SessionLog!$B$2:$B$309,$A10,SessionLog!$E$2:$E$309,"SE_mysql.Votes.Id",SessionLog!$F$2:$F$309,"M") | AO10: =COUNTIFS(SessionLog!$B$2:$B$309,$A10,SessionLog!$E$2:$E$309,"SE_mysql.Votes.Id",SessionLog!$F$2:$F$309,"P") | AP10: =COUNTIFS(SessionLog!$B$2:$B$309,$A10,SessionLog!$E$2:$E$309,"SE_mysql.Votes.UserId",SessionLog!$F$2:$F$309,"M") | AQ10: =COUNTIFS(SessionLog!$B$2:$B$309,$A10,SessionLog!$E$2:$E$309,"SE_mysql.Votes.UserId",SessionLog!$F$2:$F$309,"P") | AR10: =COUNTIFS(SessionLog!$B$2:$B$309,$A10,SessionLog!$E$2:$E$309,"SE_mysql.Votes.BountyAmount",SessionLog!$F$2:$F$309,"M") | AS10: =COUNTIFS(SessionLog!$B$2:$B$309,$A10,SessionLog!$E$2:$E$309,"SE_mysql.Votes.BountyAmount",SessionLog!$F$2:$F$309,"P") | AT10: =COUNTIFS(SessionLog!$B$2:$B$309,$A10,SessionLog!$E$2:$E$309,"SE_mysql.Votes.CreationDate",SessionLog!$F$2:$F$309,"M") | AU10: =COUNTIFS(SessionLog!$B$2:$B$309,$A10,SessionLog!$E$2:$E$309,"SE_mysql.Votes.CreationDate",SessionLog!$F$2:$F$309,"P") | AV10: =COUNTIFS(SessionLog!$B$2:$B$309,$A10,SessionLog!$E$2:$E$309,"SE_mysql.Votes.PostId",SessionLog!$F$2:$F$309,"M") | AW10: =COUNTIFS(SessionLog!$B$2:$B$309,$A10,SessionLog!$E$2:$E$309,"SE_mysql.Votes.PostId",SessionLog!$F$2:$F$309,"P") | AX10: =COUNTIFS(SessionLog!$B$2:$B$309,$A10,SessionLog!$E$2:$E$309,"SE_mysql.Votes.VoteTypeId",SessionLog!$F$2:$F$309,"M") | AY10: =COUNTIFS(SessionLog!$B$2:$B$309,$A10,SessionLog!$E$2:$E$309,"SE_mysql.Votes.VoteTypeId",SessionLog!$F$2:$F$309,"P") | AZ10: =COUNTIFS(SessionLog!$B$2:$B$309,$A10,SessionLog!$E$2:$E$309,"SE_mysql.Votetypes.Id",SessionLog!$F$2:$F$309,"M") | BA10: =COUNTIFS(SessionLog!$B$2:$B$309,$A10,SessionLog!$E$2:$E$309,"SE_mysql.Votetypes.Id",SessionLog!$F$2:$F$309,"P") | BB10: =COUNTIFS(SessionLog!$B$2:$B$309,$A10,SessionLog!$E$2:$E$309,"SE_mysql.Votetypes.Name",SessionLog!$F$2:$F$309,"M") | BC10: =COUNTIFS(SessionLog!$B$2:$B$309,$A10,SessionLog!$E$2:$E$309,"SE_mysql.Votetypes.Name",SessionLog!$F$2:$F$309,"P") | BD10: =COUNTIFS(SessionLog!$B$2:$B$309,$A10,SessionLog!$E$2:$E$309,"SE_mongodb.Badges.Id",SessionLog!$F$2:$F$309,"M") | BE10: =COUNTIFS(SessionLog!$B$2:$B$309,$A10,SessionLog!$E$2:$E$309,"SE_mongodb.Badges.Id",SessionLog!$F$2:$F$309,"P") | BF10: =COUNTIFS(SessionLog!$B$2:$B$309,$A10,SessionLog!$E$2:$E$309,"SE_mongodb.Badges.UserId",SessionLog!$F$2:$F$309,"M") | BG10: =COUNTIFS(SessionLog!$B$2:$B$309,$A10,SessionLog!$E$2:$E$309,"SE_mongodb.Badges.UserId",SessionLog!$F$2:$F$309,"P") | BH10: =COUNTIFS(SessionLog!$B$2:$B$309,$A10,SessionLog!$E$2:$E$309,"SE_mongodb.Badges.Name",SessionLog!$F$2:$F$309,"M") | BI10: =COUNTIFS(SessionLog!$B$2:$B$309,$A10,SessionLog!$E$2:$E$309,"SE_mongodb.Badges.Name",SessionLog!$F$2:$F$309,"P") | BJ10: =COUNTIFS(SessionLog!$B$2:$B$309,$A10,SessionLog!$E$2:$E$309,"SE_mongodb.Badges.Date",SessionLog!$F$2:$F$309,"M") | BK10: =COUNTIFS(SessionLog!$B$2:$B$309,$A10,SessionLog!$E$2:$E$309,"SE_mongodb.Badges.Date",SessionLog!$F$2:$F$309,"P") | BL10: =COUNTIFS(SessionLog!$B$2:$B$309,$A10,SessionLog!$E$2:$E$309,"SE_mongodb.Posts.Id",SessionLog!$F$2:$F$309,"M") | BM10: =COUNTIFS(SessionLog!$B$2:$B$309,$A10,SessionLog!$E$2:$E$309,"SE_mongodb.Posts.Id",SessionLog!$F$2:$F$309,"P") | BN10: =COUNTIFS(SessionLog!$B$2:$B$309,$A10,SessionLog!$E$2:$E$309,"SE_mongodb.Posts.Tags",SessionLog!$F$2:$F$309,"M") | BO10: =COUNTIFS(SessionLog!$B$2:$B$309,$A10,SessionLog!$E$2:$E$309,"SE_mongodb.Posts.Tags",SessionLog!$F$2:$F$309,"P") | BP10: =COUNTIFS(SessionLog!$B$2:$B$309,$A10,SessionLog!$E$2:$E$309,"SE_mongodb.Posts.Body",SessionLog!$F$2:$F$309,"M") | BQ10: =COUNTIFS(SessionLog!$B$2:$B$309,$A10,SessionLog!$E$2:$E$309,"SE_mongodb.Posts.Body",SessionLog!$F$2:$F$309,"P") | BR10: =COUNTIFS(SessionLog!$B$2:$B$309,$A10,SessionLog!$E$2:$E$309,"SE_mongodb.Users.Id",SessionLog!$F$2:$F$309,"M") | BS10: =COUNTIFS(SessionLog!$B$2:$B$309,$A10,SessionLog!$E$2:$E$309,"SE_mongodb.Users.Id",SessionLog!$F$2:$F$309,"P") | BT10: =COUNTIFS(SessionLog!$B$2:$B$309,$A10,SessionLog!$E$2:$E$309,"SE_mongodb.Users.DisplayName",SessionLog!$F$2:$F$309,"M") | BU10: =COUNTIFS(SessionLog!$B$2:$B$309,$A10,SessionLog!$E$2:$E$309,"SE_mongodb.Users.DisplayName",SessionLog!$F$2:$F$309,"P") | BV10: =COUNTIFS(SessionLog!$B$2:$B$309,$A10,SessionLog!$E$2:$E$309,"SE_mongodb.Users.AboutMe",SessionLog!$F$2:$F$309,"M") | BW10: =COUNTIFS(SessionLog!$B$2:$B$309,$A10,SessionLog!$E$2:$E$309,"SE_mongodb.Users.AboutMe",SessionLog!$F$2:$F$309,"P") | BX10: =COUNTIFS(SessionLog!$B$2:$B$309,$A10,SessionLog!$E$2:$E$309,"SE_mongodb.Comments.Id",SessionLog!$F$2:$F$309,"M") | BY10: =COUNTIFS(SessionLog!$B$2:$B$309,$A10,SessionLog!$E$2:$E$309,"SE_mongodb.Comments.Id",SessionLog!$F$2:$F$309,"P") | BZ10: =COUNTIFS(SessionLog!$B$2:$B$309,$A10,SessionLog!$E$2:$E$309,"SE_mongodb.Comments.UserId",SessionLog!$F$2:$F$309,"M") | CA10: =COUNTIFS(SessionLog!$B$2:$B$309,$A10,SessionLog!$E$2:$E$309,"SE_mongodb.Comments.UserId",SessionLog!$F$2:$F$309,"P") | CB10: =COUNTIFS(SessionLog!$B$2:$B$309,$A10,SessionLog!$E$2:$E$309,"SE_mongodb.Comments.Text",SessionLog!$F$2:$F$309,"M") | CC10: =COUNTIFS(SessionLog!$B$2:$B$309,$A10,SessionLog!$E$2:$E$309,"SE_mongodb.Comments.Text",SessionLog!$F$2:$F$309,"P") | CD10: =COUNTIFS(SessionLog!$B$2:$B$309,$A10,SessionLog!$E$2:$E$309,"SE_mongodb.Comments.PostId",SessionLog!$F$2:$F$309,"M") | CE10: =COUNTIFS(SessionLog!$B$2:$B$309,$A10,SessionLog!$E$2:$E$309,"SE_mongodb.Comments.PostId",SessionLog!$F$2:$F$309,"P") | CF10: =COUNTIFS(SessionLog!$B$2:$B$309,$A10,SessionLog!$E$2:$E$309,"SE_neo4j.postlinks.id",SessionLog!$F$2:$F$309,"M") | CG10: =COUNTIFS(SessionLog!$B$2:$B$309,$A10,SessionLog!$E$2:$E$309,"SE_neo4j.postlinks.id",SessionLog!$F$2:$F$309,"P") | CH10: =COUNTIFS(SessionLog!$B$2:$B$309,$A10,SessionLog!$E$2:$E$309,"SE_neo4j.postlinks.LinkTypeId",SessionLog!$F$2:$F$309,"M") | CI10: =COUNTIFS(SessionLog!$B$2:$B$309,$A10,SessionLog!$E$2:$E$309,"SE_neo4j.postlinks.LinkTypeId",SessionLog!$F$2:$F$309,"P") | CJ10: =COUNTIFS(SessionLog!$B$2:$B$309,$A10,SessionLog!$E$2:$E$309,"SE_neo4j.postlinks.RelatedPostId",SessionLog!$F$2:$F$309,"M") | CK10: =COUNTIFS(SessionLog!$B$2:$B$309,$A10,SessionLog!$E$2:$E$309,"SE_neo4j.postlinks.RelatedPostId",SessionLog!$F$2:$F$309,"P") | CL10: =COUNTIFS(SessionLog!$B$2:$B$309,$A10,SessionLog!$E$2:$E$309,"SE_neo4j.postlinks.PostIdd",SessionLog!$F$2:$F$309,"M") | CM10: =COUNTIFS(SessionLog!$B$2:$B$309,$A10,SessionLog!$E$2:$E$309,"SE_neo4j.postlinks.PostIdd",SessionLog!$F$2:$F$309,"P") | CN10: =COUNTIFS(SessionLog!$B$2:$B$309,$A10,SessionLog!$E$2:$E$309,"SE_neo4j.postlinks.CreationDate",SessionLog!$F$2:$F$309,"M") | CO10: =COUNTIFS(SessionLog!$B$2:$B$309,$A10,SessionLog!$E$2:$E$309,"SE_neo4j.postlinks.CreationDate",SessionLog!$F$2:$F$309,"P") | CP10: =COUNTIFS(SessionLog!$B$2:$B$309,$A10,SessionLog!$E$2:$E$309,"SE_neo4j.Posts.id",SessionLog!$F$2:$F$309,"M") | CQ10: =COUNTIFS(SessionLog!$B$2:$B$309,$A10,SessionLog!$E$2:$E$309,"SE_neo4j.Posts.id",SessionLog!$F$2:$F$309,"P") | CR10: =COUNTIFS(SessionLog!$B$2:$B$309,$A10,SessionLog!$E$2:$E$309,"SE_neo4j.Posts.posttypeid",SessionLog!$F$2:$F$309,"M") | CS10: =COUNTIFS(SessionLog!$B$2:$B$309,$A10,SessionLog!$E$2:$E$309,"SE_neo4j.Posts.posttypeid",SessionLog!$F$2:$F$309,"P") | CT10: =COUNTIFS(SessionLog!$B$2:$B$309,$A10,SessionLog!$E$2:$E$309,"SE_neo4j.Posts.parentid",SessionLog!$F$2:$F$309,"M") | CU10: =COUNTIFS(SessionLog!$B$2:$B$309,$A10,SessionLog!$E$2:$E$309,"SE_neo4j.Posts.parentid",SessionLog!$F$2:$F$309,"P") | CV10: =COUNTIFS(SessionLog!$B$2:$B$309,$A10,SessionLog!$E$2:$E$309,"SE_neo4j.Posts.owneruserid",SessionLog!$F$2:$F$309,"M") | CW10: =COUNTIFS(SessionLog!$B$2:$B$309,$A10,SessionLog!$E$2:$E$309,"SE_neo4j.Posts.owneruserid",SessionLog!$F$2:$F$309,"P") | CX10: =COUNTIFS(SessionLog!$B$2:$B$309,$A10,SessionLog!$E$2:$E$309,"SE_neo4j.Posts.acceptedanswerid",SessionLog!$F$2:$F$309,"M") | CY10: =COUNTIFS(SessionLog!$B$2:$B$309,$A10,SessionLog!$E$2:$E$309,"SE_neo4j.Posts.acceptedanswerid",SessionLog!$F$2:$F$309,"P") | CZ10: =COUNTIFS(SessionLog!$B$2:$B$309,$A10,SessionLog!$E$2:$E$309,"SE_neo4j.Comments.id",SessionLog!$F$2:$F$309,"M") | DA10: =COUNTIFS(SessionLog!$B$2:$B$309,$A10,SessionLog!$E$2:$E$309,"SE_neo4j.Comments.id",SessionLog!$F$2:$F$309,"P") | DB10: =COUNTIFS(SessionLog!$B$2:$B$309,$A10,SessionLog!$E$2:$E$309,"SE_neo4j.Comments.creationdate",SessionLog!$F$2:$F$309,"M") | DC10: =COUNTIFS(SessionLog!$B$2:$B$309,$A10,SessionLog!$E$2:$E$309,"SE_neo4j.Comments.creationdate",SessionLog!$F$2:$F$309,"P") | DD10: =COUNTIFS(SessionLog!$B$2:$B$309,$A10,SessionLog!$E$2:$E$309,"SE_neo4j.Comments.score",SessionLog!$F$2:$F$309,"M") | DE10: =COUNTIFS(SessionLog!$B$2:$B$309,$A10,SessionLog!$E$2:$E$309,"SE_neo4j.Comments.score",SessionLog!$F$2:$F$309,"P") | DF10: =COUNTIFS(SessionLog!$B$2:$B$309,$A10,SessionLog!$E$2:$E$309,"SE_neo4j.Users.id",SessionLog!$F$2:$F$309,"M") | DG10: =COUNTIFS(SessionLog!$B$2:$B$309,$A10,SessionLog!$E$2:$E$309,"SE_neo4j.Users.id",SessionLog!$F$2:$F$309,"P") | DH10: =COUNTIFS(SessionLog!$B$2:$B$309,$A10,SessionLog!$E$2:$E$309,"SE_neo4j.Users.accountid",SessionLog!$F$2:$F$309,"M") | DI10: =COUNTIFS(SessionLog!$B$2:$B$309,$A10,SessionLog!$E$2:$E$309,"SE_neo4j.Users.accountid",SessionLog!$F$2:$F$309,"P") | DJ10: =COUNTIFS(SessionLog!$B$2:$B$309,$A10,SessionLog!$E$2:$E$309,"SE_neo4j.Users.displayname",SessionLog!$F$2:$F$309,"M") | DK10: =COUNTIFS(SessionLog!$B$2:$B$309,$A10,SessionLog!$E$2:$E$309,"SE_neo4j.Users.displayname",SessionLog!$F$2:$F$309,"P") | DL10: =COUNTIFS(SessionLog!$B$2:$B$309,$A10,SessionLog!$E$2:$E$309,"SE_neo4j.Users.creationdate",SessionLog!$F$2:$F$309,"M") | DM10: =COUNTIFS(SessionLog!$B$2:$B$309,$A10,SessionLog!$E$2:$E$309,"SE_neo4j.Users.creationdate",SessionLog!$F$2:$F$309,"P") | DN10: =COUNTIFS(SessionLog!$B$2:$B$309,$A10,SessionLog!$E$2:$E$309,"SE_neo4j.Tags.id",SessionLog!$F$2:$F$309,"M") | DO10: =COUNTIFS(SessionLog!$B$2:$B$309,$A10,SessionLog!$E$2:$E$309,"SE_neo4j.Tags.id",SessionLog!$F$2:$F$309,"P") | DP10: =COUNTIFS(SessionLog!$B$2:$B$309,$A10,SessionLog!$E$2:$E$309,"SE_neo4j.Tags.count",SessionLog!$F$2:$F$309,"M") | DQ10: =COUNTIFS(SessionLog!$B$2:$B$309,$A10,SessionLog!$E$2:$E$309,"SE_neo4j.Tags.count",SessionLog!$F$2:$F$309,"P") | DR10: =COUNTIFS(SessionLog!$B$2:$B$309,$A10,SessionLog!$E$2:$E$309,"SE_neo4j.Tags.wikipostid",SessionLog!$F$2:$F$309,"M") | DS10: =COUNTIFS(SessionLog!$B$2:$B$309,$A10,SessionLog!$E$2:$E$309,"SE_neo4j.Tags.wikipostid",SessionLog!$F$2:$F$309,"P") | DT10: =COUNTIFS(SessionLog!$B$2:$B$309,$A10,SessionLog!$E$2:$E$309,"SE_neo4j.Tags.tagname",SessionLog!$F$2:$F$309,"M") | DU10: =COUNTIFS(SessionLog!$B$2:$B$309,$A10,SessionLog!$E$2:$E$309,"SE_neo4j.Tags.tagname",SessionLog!$F$2:$F$309,"P") | DV10: =COUNTIFS(SessionLog!$B$2:$B$309,$A10,SessionLog!$E$2:$E$309,"SE_neo4j.Tags.excerptpostid",SessionLog!$F$2:$F$309,"M") | DW10: =COUNTIFS(SessionLog!$B$2:$B$309,$A10,SessionLog!$E$2:$E$309,"SE_neo4j.Tags.excerptpostid",SessionLog!$F$2:$F$309,"P")
